Title,TeacherName,Description,Degree,Co-researchers
Video analysis: Anomaly detection,Nguyễn Thị Oanh,The objective is to analyse videos to detect if an abnormal event is happening. Study in particular context. Context by email with short CV for more information.,,
Gesture recognition,Nguyễn Thị Oanh,"Gesture recognition: In smart context, we can now control some devices from distance by hand. The objective is to recognize the command wanted by user. Contact by email with short CV for more information","ThSKH, VB2, CNKT, KSCQ, SIE, KSTN, CTTT, LATS, KSCLC, CN, ThSKT, HEDSPI",
Video summarization - Tóm lược video,Nguyễn Thị Oanh,The objective is to analyse video from surveillance camera to get only useful information. That helps to reduce storage volume and video duration. Contact by email with short CV for more information,"ThSKH, VB2, CNKT, KSCQ, SIE, KSTN, CTTT, CNKH, Viet-Phap, LATS, KSCLC, CN, ThSKT, VLVH, HEDSPI",
Object classification / retrieval,Nguyễn Thị Oanh,The objective is to analyse video from surveillance camera to get only useful information. That helps to reduce storage volume and video duration. Contact by email with short CV for more information,"ThSKH, VB2, CNKT, KSCQ, SIE, KSTN, CTTT, LATS, KSCLC, CN, ThSKT, HEDSPI",
Video analysis: human tracking & behavior analysis,Nguyễn Thị Oanh,,,
Text detection and recognition,Nguyễn Thị Oanh,,"ThSKH, VB2, CNKT, KSCQ, SIE, KSTN, CTTT, LATS, KSCLC, CN, ThSKT, HEDSPI",
Other applications,Nguyễn Thị Oanh,,"ThSKH, VB2, CNKT, KSCQ, SIE, KSTN, CTTT, LATS, KSCLC, CN, ThSKT, HEDSPI",
Ứng dụng thêm dấu tiếng Việt,Nguyễn Thị Thu Hương,Xây dựng một hệ thống cho phép thêm dấu tiếng việt bằng phương pháp học máy.,"VB2, SIE, CTTT, CN, VLVH",
Ứng dung sửa lỗi chính tả cho các phần mềm soạn thảo trên điện thoại di động,Nguyễn Thị Thu Hương,"Việc soạn thảo văn bản tiếng Việt trên điện thoại di động thường gặp một số lỗi như gõ nhầm phím, kẹt phím, bỏ sai dấu...Ứng dụng cho phép gợi ý một danh sách từ để chọn với ưu tiên cho những lỗi người soạn thảo hay mắc nhất.","VB2, KSCQ, SIE, CTTT, CN, HEDSPI",
Xây dựng một ứng dụng cho phép chia sẻ công thức nấu ăn,Nguyễn Thị Thu Hương,"Chia sẻ công thức cho những đối tượng khác ở mức độ khác nhau, ví dụ cho phép xem, cho phép chỉnh sửa Gợi ý công thức nấu ăn theo một số tiêu chí như từ khóa, gu ẩm thực của người dùng, đánh giá của cộng đồng... Tạo diễn đàn để trao đổi, đánh giá về món ăn và kinh nghiệm nấu ăn","VB2, CNKT, KSCQ, SIE, CTTT",
Hệ thống dạy ngoại ngữ online,Nguyễn Thị Thu Hương,"Xây dựng một ứng dụng cho phép Cung cấp các bài giảng về một ngôn ngữ ở các trình độ khác nhau, có thể dưới dạng video hoặc văn bản Hướng dẫn các kỹ năng cơ bản: nghe, nói, đọc, viết Hướng dẫn luyện phát âm, luyện nói bằng hình thức trao đổi trực tiếp Tạo lập công cụ cho phép củng cố kiến thức và đánh giá kiến thức của học viên. Có thể thu phí và quản lý tài chính","VB2, CNKT, KSCQ, SIE, CTTT, CN, ThSKT",
Hệ thống gợi ý công thức nấu ăn dựa trên nguyên liệu,Nguyễn Thị Thu Hương,"Xây dựng một hệ gợi ý công thức nấu ăn dựa trên nguyên liệu. Độ quan trọng của mỗi nguyên liệu sẽ được đánh giá. Dữ liệu về công thức nấu ăn sẽ được trích chọn và hiển thị theo một tiêu chí nào đó, ví dụ độ liên quan của nguyên liệu với công thức, hay sự lành mạnh về dinh dưỡng.","KSCQ, SIE, CTTT, CN, HEDSPI",
Bộ đọc tiếng Việt trên Windows,Nguyễn Thị Thu Trang,"Tìm hiểu về chuẩn tích hợp tiếng nói của Microsoft SAPI - Phân tích, thiết kế, xây dựng bộ đọc tiếng Việt trên Windows cho phép: + Tương tác với các ứng dụng trên Windows để chuyển văn bản thành giọng nói + Các tuỳ chỉnh về từ điển viết tắt / vay mượn + Cơ chế streaming để thời gian đáp ứng nhanh hơn * Đây là định hướng công nghệ, có nhiều vấn đề thách thức cần giải quyết","ThSKH, VB2, CNKT, KSCQ, SIE, KSTN, CTTT, LATS, KSCLC, CN, ThSKT, VLVH, HEDSPI",
Cải tiến chất lượng tóm tắt văn bản,Nguyễn Thị Thu Trang,"Tìm hiểu các kỹ thuật tóm tắt văn bản sử dụng học máy không giám sát - Tìm hiểu các kỹ thuật tóm tắt văn bản sử dụng học máy giám sát / học sâu (Deep Learning) - Xây dựng và thử nghiệm cho tiếng Anh và tiếng Việt * Đây là định hướng nghiên cứu, nếu sinh viên có mong muốn học tiếp hoặc muốn đi làm về lĩnh vực chuyên sâu","ThSKH, VB2, CNKT, KSCQ, SIE, KSTN, CTTT, LATS, KSCLC, CN, ThSKT, VLVH, HEDSPI",
Tổng hợp tiếng nói trên thiết bị,Nguyễn Thị Thu Trang,"Tìm hiểu về tổng hợp tiếng nói tiếng Việt - Thiết kế và xây dựng hệ thống tổng hợp tiếng nói tiếng Việt trên thiết bị (C/C++) * Đây là định hướng nghiên cứu, nếu sinh viên có mong muốn học tiếp hoặc muốn đi làm về lĩnh vực chuyên sâu.","ThSKH, VB2, CNKT, KSCQ, SIE, KSTN, CTTT, LATS, KSCLC, CN, ThSKT, VLVH, HEDSPI",
"Ứng dụng dạy tiếng Việt VietStudy theo phương pháp ngữ âm học (web, app)",Nguyễn Thị Thu Trang,"Dự án VietStudy cung cấp môi trường học tập online trên web, app cho phép trẻ em người Việt tại Việt Nam hoặc tại nước ngoài có thể học tiếng Việt theo phương pháp ngữ âm học.","ThSKH, CNTH, IPE, VB2, CNKT, KSCQ, SIE, KSTN, CTTT, CNKH, Viet-Phap, LATS, KSCLC, CN, ThSKT, VLVH, HEDSPI",
Kiểm thử tự động cho các hệ thống web/app/API,Nguyễn Thị Thu Trang,"Kiểm thử tự động (Automated Testing) là một hoạt động quan trọng trong SE, giúp xử lý một cách tự động các bước thực hiện các testcase, kiểm thử tự động bằng một công cụ nhằm rút ngắn thời gian kiểm thử. Nghiên cứu và phát triển kiểm thử tự động cho một hệ thống web/app/API: - Phân tích yêu cầu của hệ thống cần kiểm thử - Thiết kế các trường hợp kiểm thử, sử dụng phương pháp và kỹ thuật kiểm thử phù hợp - Nghiên cứu công cụ, framework cho công việc kiểm thử tự động (VD: Selenium WebDriver, Kobiton...)","ThSKH, CNTH, IPE, VB2, CNKT, KSCQ, SIE, KSTN, CTTT, CNKH, Viet-Phap, LATS, KSCLC, CN, ThSKT, VLVH, HEDSPI",
Nhận dạng tiếng nói tiếng Việt sử dụng học sâu,Nguyễn Thị Thu Trang,"Nghiên cứu về học sâu (deep learning) và nhận dạng tiếng nói (ASR) - Xây dựng hệ thống ASR sử dụng các mô hình học sâu hiện đại * Đây là định hướng nghiên cứu, nếu sinh viên có mong muốn học tiếp hoặc muốn đi làm về lĩnh vực chuyên sâu.","ThSKH, VB2, CNKT, KSCQ, SIE, KSTN, CTTT, LATS, KSCLC, CN, ThSKT, VLVH, HEDSPI",
Hiểu ngôn ngữ tự nhiên dạng nói,Nguyễn Thị Thu Trang,"Nghiên cứu và đề xuất mô hình hiểu ngôn ngữ tự nhiên dạng nói: Có thể end-to-end hoặc tách thành bài toán độc lập từ tiếng nói sang văn bản, và hiểu ngôn ngữ tự nhiên dạng văn bản - Nghiên cứu và làm việc với các mô hình học sâu hiện đại","ThSKH, VB2, CNKT, KSCQ, SIE, KSTN, CTTT, LATS, KSCLC, CN, ThSKT, VLVH, HEDSPI",
Hệ thống quản lý và phân tích dữ liệu trong chatbot/callbot,Nguyễn Thị Thu Trang,"Hệ thống quản lý và phân tích dữ liệu trong chatbot/callbot - Phân tích dữ liệu huấn luyện của chatbot/callbot để tìm các vấn đề và khắc phục các vấn đề trong đó - Phân tích lịch sử log để cải thiện chất lượng của bot * Công nghệ: - ReactJS, NodeJS - Dùng ML/DL để phân tích và tối ưu dữ liệu * Đây là đề tài nghiên cứu kết hợp ứng dụng, phù hợp với sinh viên có mong muốn đi làm hoặc học tiếp","ThSKH, VB2, CNKT, KSCQ, SIE, KSTN, CTTT, LATS, KSCLC, CN, ThSKT, VLVH, HEDSPI",
Hệ thống quản lý và chia sẻ tài nguyên cộng đồng VLSP,Nguyễn Thị Thu Trang,"Nghiên cứu và phát triển hệ thống cho phép có thể quản lý tài nguyên, các tập ngữ liệu huấn luyện chia sẻ với cộng đồng. - Hệ thống cho phép người quản trị có thể thiết lập yêu cầu để nhận tài nguyên được chia sẻ, người nhận dữ liệu có thể phải tham gia xây dựng dữ liệu trước khi nhận. - Hệ thống cũng cho phép cộng đồng hoặc các chuyên gia có thể tham gia gán nhãn dữ liệu.","TT, ĐATN, TTTN, ĐAMH",
Microservices và hệ thống quản lý và thực thi callbot,Nguyễn Thị Thu Trang,"Hệ thống quản lý các mẫu callbot đóng gói cho một số use case cụ thể, cho phép người dùng chọn và thực hiện các chiến dịch theo các callbot đó thông qua hệ thống tổng đài được tích hợp - Hệ thống cũng cho phép người dùng có thể chỉnh sửa kịch bản callbot một cách dễ dàng qua giao diện trực quan - Được tham gia đề tài thực tế, giải quyết các vấn đề trong thực tế đáp ứng yêu cầu của người dùng, nghiên cứu phương án scale theo số lượng cuộc gọi thực tế (có thể lên tới hàng trăm cuộc gọi đồng thời) - Được kết hợp thực tập (Project/GR/ĐATN) tại công ty Vbee trong quá trình làm đồ án Công nghệ","TT, ĐATN, TTTN, ĐAMH, SV NCKH",
Hệ thống quản lý và cung cấp dịch vụ STT on-cloud,Nguyễn Thị Thu Trang,"Hệ thống cho phép người dùng sử dụng thử dịch vụ STT (Speech-To-Text), mua gói và sử dụng dịch vụ STT online - Được tham gia đề tài thực tế, giải quyết các vấn đề trong thực tế đáp ứng yêu cầu của người dùng, các thiết kế để hệ thống có thể chịu tải với lượng người dùng đồng thời lớn - Được kết hợp thực tập (Project/GR/ĐATN) tại công ty Vbee trong quá trình làm đồ án Công nghệ","TT, ĐATN, TTTN, ĐAMH",
Nghiên cứu và đề xuất mô hình nhận dạng đọc sai Tiếng Việt,Nguyễn Thị Thu Trang,"Nghiên cứu về nhận dạng tiếng nói tiếng Việt, về các kiến thức học máy học sâu - Nghiên cứu đề xuất mô hình nhận dạng đọc sai Tiếng Việt bằng học sâu, giống như tính năng này trên Elsa cho Tiếng Anh *Đề tài phù hợp với sinh viên muốn học tiếp lên sau khi tốt nghiệp hoặc làm việc trong môi trường RnD, bài toán chuyên sâu","TT, ĐATN, TTTN, ĐAMH, SV NCKH",
Tổng hợp tiếng nói tiếng Việt có biểu cảm (expressive text-to-speech),Nguyễn Thị Thu Trang,"Tiếng nói có cách phong cách (stylistic) khác nhau như đọc truyện, đọc thơ, hội thoại, thông báo… - Tiếng nói có cảm xúc (emotion) khác nhau như: Buồn, Ngạc nhiên, Giận dữ... - Tổng hợp tiếng nói theo phong cách (stylistic) / theo cảm xúc (emotion) - Tham khảo: http://emosamples.syntheticspeech.de/EmotionalTTS.pdf * Đây là định hướng nghiên cứu, nếu sinh viên có mong muốn học tiếp hoặc muốn đi làm về lĩnh vực chuyên sâu.","ThSKH, VB2, CNKT, KSCQ, SIE, KSTN, CTTT, LATS, KSCLC, CN, ThSKT, VLVH, HEDSPI",
X21 - Ứng dụng Flutter kết hợp Unity 2D/3D và server để hỗ trợ tài xế luyện lái xe,Nguyễn Tiến Thành,SV có thể xem chi tiết đề tài ở đây: https://docs.google.com/document/d/1Gn7Gh2-zVjNR9Fvt07ZXvm6Pu0BFY-OkQjpZMPfy69U/edit?usp=sharing Có thể cần tối đa 5 SV để làm: 1. Flutter trên mobile 2. Unity 2D (hoặc game engine 2D) 3. Unity 3D (hoặc game engine 3D) 4. Server (điều khiển xe chạy tự động) 5. Backend và frontend phía web (frontend trong trường hợp PC không muốn cài phần mềm),"TT, ĐATN, TTTN, ĐAMH",
1Y21 - Xây dựng ứng dụng đa nền tảng hỗ trợ điều khiển thiết bị IoT-https://shorturl.at/aotwU,Nguyễn Tiến Thành,,"VB2, CNKT, KSCQ, SIE, KSTN, CTTT, CNKH, Viet-Phap, KSCLC, CN, HEDSPI",
Xây dựng từ điển PVO,Nguyễn Tiến Thành,Chi tiết các chức năng và mô tả của giao diện có thể xem ở đây: https://vuenglishclass.blogspot.com/2021/09/phac-thao-cau-truc-pvo-moi.html Chú ý sinh viên phải đọc và nắm được cơ sở lý thuyết của từ điển dạng PVO mới này. Nó có triết lý xây dựng ngân hàng từ khác với các loại từ điển thông thường hiện nay https://ttu-ir.tdl.org/bitstream/handle/2346/10813/ThesisVuHo.pdf?sequence=1,"VB2, CNKT, KSCQ, SIE, CTTT, KSCLC, CN, VLVH, HEDSPI",
Ứng dụng Flutter xem video streaming,Nguyễn Tiến Thành,"SV phải dựng ra được streaming server, SV cũng phải xây dựng app Flutter cho phép người dùng đăng ký/đăng nhập và xem được video streaming. Cuối cùng, SV cần phải xây dựng tính năng (hoặc nếu không xây dựng được thì cho phép dùng tool) để đo được mức tiêu thụ năng lượng khi app Flutter xem video streaming Chi tiết về các thực nghiệm đo mức tiêu thu năng lượng (trên React Native) có thể xem ở đây, SV cần làm tương tự với app Flutter https://drive.google.com/file/d/1iMlkMkNZnop0GknrLbSYfC8qsUa-SnoW/view?usp=sharing","CNTH, VB2, CNKT, KSCQ, SIE, KSTN, CTTT, CNKH, Viet-Phap, KSCLC, CN, VLVH, HEDSPI",
Lập trình Drone qua bộ giả lập hoặc Parrot PF728000 ANAFI Drone,Nguyễn Tiến Thành,"Đề tài có thể dùng cho ĐATN, hoặc Project ở các kỳ 1 và 2 (Không dùng cho kỳ 3) SV có thể đọc thêm tài liệu ở đây https://github.com/Parrot-Developers/olympe Trong trường hợp cần làm việc với thiết bị thật (gần 10 triệu kể cả ship),","TT, ĐATN, TTTN, ĐAMH, SV NCKH",
2Y21 - Xây dựng mạng xã hội kết nối các sinh viên có nhu cầu hỗ trợ học tập với các Teaching Assistant/Examination Assistant/Labor Assistant/Psychological Assistant,Nguyễn Tiến Thành,"Đọc thêm: https://docs.google.com/document/d/1UB5doJMrhePimN3gf0G7WGADfziPGgT-rMbxunXVk_M/edit?usp=sharing . Các sinh viên (SV) Bách Khoa có nhu cầu hỗ trợ học tập rất lớn trong bối cảnh: kiến thức các môn học ngày càng rộng và liên kết chặt chẽ nhau; số lượng SV rất lớn so với số giảng viên và nhu cầu tư vấn tâm lý trong hoàn cảnh cạnh tranh khốc liệt của xã hội; và cuối cùng là nhu cầu tư vấn trong một thị trường lao động thừa/thiếu đan xen. Tất cả những điều trên khiến SV rất cần có một mạng xã hội riêng để có thể thỏa mãn được các nhu cầu tâm lý, học tập và làm việc của mình. Mạng xã hội riêng này cần đặt dưới sự quản lý của trường Bách Khoa để có thể phục vụ được SV ở mức tốt nhất cũng như đảm bảo được các yêu cầu an ninh, chính trị, tư tưởng trong thời đại hiện nay.","ĐATN, TTTN, ĐAMH",
3Y21 - Xây dựng xe Arduino điều khiển có tích hợp PID,Nguyễn Tiến Thành,Chi tiết xem tại: https://docs.google.com/document/d/1FhancS7urxwMrvi336D9jjYLq-82pbrzw8BiK70x8b8/edit?usp=sharing,"TT, ĐATN, TTTN, ĐAMH",
Xây dựng hệ gợi ý,Ngô Văn Linh,"Xây dựng hệ giới ý quảng cáo, gợi ý tin tức dựa trên các mô hình xác suất, deep learning,...","TT, ĐATN, TTTN, ĐAMH, SV NCKH",
Các bài toán về Machine learning,Ngô Văn Linh,Xây dựng các thuật toán machine learning - Áp dụng các thuật toán machine learning vào các bài toán thực tế,"VB2, CNKT, KSCQ, SIE, KSTN, CTTT, CNKH, Viet-Phap, KSCLC, CN, HEDSPI",
Xây dựng các hệ thống ứng dụng,Ngô Văn Linh,"Khảo sát, phân tích, thiết kế và xây dựng các hệ thống ứng dụng thực tế (sinh viên có thể tự đề xuất các hệ thống)","TT, ĐATN, TTTN, ĐAMH",SmartOSC
Các bài toán liên quan đến xử lý ngôn ngữ tự nhiên,Ngô Văn Linh,Các đề tài liên quan Deep learning trong NLP về: - Question and answering - Text Summarization - Event detection - Relation extraction - Machine translation - ...,,
"Nghiên cứu, cài đặt thử nghiệm giải thuật nhánh-cận và các thuật toán heuristics giải các bài toán tối ưu hóa tổ hợp",Phạm Quang Dũng,"Các bài toán tối ưu tổ hợp xuất hiện trong hầu hết các mặt của đời sống xã hội nhưng sản xuất, phân phối hàng hóa, giao vận, phân bổ tài nguyên,.... Mục tiêu của đề tài là tìm hiểu (đề xuất), cài đặt thử nghiệm các thuật toán giải các bài toán đặt ra: -Trên đồ thị: max-clique, graph coloring, ... -Vehicle routing, Binpacking,... Các kỹ thuật thuật toán: branch-and-bound, greedy, dynamic programming, heuristics,. .","ThSKH, KSCQ, KSTN, ThSKT",
Nghiên cứu và phát triển thuật toán tối ưu hóa cho các bài toán kho vận,Phạm Quang Dũng,"Các bài toán tối ưu hóa trong điều phối vận tải ngày càng đóng vai trò quan trọng trong việc tối ưu hóa chi phí vận hành đồng thời giảm thiếu tác động tiêu cực với môi trường và xã hội. Mục tiêu là tính toán lập kế hoạch điều phối đội xe tải phục vụ các yêu cầu vận chuyển hàng hóa thỏa mãn các ràng buộc về thời gian, tải trọng,... đồng thời tối thiểu hóa chi phí. Nội dung công việc: -Nghiên cứu tài liệu về các bài toán tối ưu điều phối kho vận và các phương pháp thuật toán giải quyết -Đề xuất các thuật toán giải bài toán đặt ra.","CNKT, KSCQ, KSTN, CTTT, KSCLC, CN",
Thiết kế và phát triển hệ thống quản lý chuỗi cung ứng thông minh,Phạm Quang Dũng,"Hệ thống Quản lý chuỗi cung ứng đóng vai trò quan trọng trong việc lưu thông, phân phối hàng hóa từ nơi sản xuất qua các đơn vị trung gian và đến tay người dân. 1. Mục tiêu của đề tài là Thiết kế và xây dựng các phân hệ trong hệ thống quản lý chuỗi cung ứng, áp dụng các thuật toán và tối ưu hóa nhằm nâng cao tiện ích cho người dùng: -Quản lý sản phẩm -Quản lý nhà cung cấp -Quản lý đơn hàng -Quản lý kho -Quản lý vận chuyển","CNTH, CNKT, KSCQ, KSTN, CTTT, CNKH, CN, HEDSPI",Megastore
Thiết kế vài xây dựng hệ thống thi lập trình online,Phạm Quang Dũng,"Hệ thống cho phép giáo viên tạo các bài tập thực hành lập trình, sinh viên đăng nhập, và tham gia và các kỳ thi lập trình: -Sinh viên lập trình và nộp source code lên hệ thống -Hệ thống sẽ chạy code của sinh viên và chấm điểm tự động thông qua các bộ dữ liệu test -Hệ thống cung cấp đầy đủ tính năng, tiện ích, thống kê, báo cáo cho việc quản lý giảng dạy và thực hành lập trình (đặc biệt là lập trình thuật toán)","CNTH, CNKT, KSCQ, KSTN, CTTT, CNKH, CN, HEDSPI",
Phát triển hệ thống meeting video conferencing,Phạm Quang Dũng,"Thiết kế và xây dựng hệ thống meeting qua hình thức video conferencing, sử dụng các công nghệ quảng bá video. -Công nghệ: Java, Spring boot framework, NodeJS, ReactJS, WebRTC","CNTH, CNKT, KSCQ, KSTN, CTTT, CNKH, Viet-Phap, KSCLC, CN, HEDSPI",
Thiết kế và xây dựng phần mềm quản lý kho,Phạm Quang Dũng,Quản lý kho (warehouse management) là một nghiệp vụ quan trọng trong quản lý chuỗi cung ứng. 1. Mục tiêu của đề tài: xây dựng hệ thống phần mềm dạng thức Web Application cho nghiệp vụ quản lý kho 2. Tính năng: -Quản lý sản phẩm -Quản lý layout kho -Quản lý xuất/nhập kho -Thuật toán gợi ý lấy hàng trong kho (Order Picking) -Thống kê báo cáo 3,"CNTH, CNKT, KSCQ, KSTN, CTTT, CNKH, Viet-Phap, KSCLC, CN, HEDSPI",
Xây dựng thuật toán và phần mềm xếp lịch thi cho sinh viên đại học,Phạm Quang Dũng,"Nghiên cứu và phát triển thuật toán tối ưu xếp lịch thi học kỳ cho các lớp ở trong trường ĐH -Xây dựng ứng dụng web quản lý, và hỗ trợ nghiệp vụ xếp lịch thi học kỳ -Phương pháp thuật toán: linear integer programming, constraint programming, local search, greedy, heuristics, metaheuristics -Công nghệ: Java với framework Spring Boot, ReactJS, Docker, Postgres, Google Or-Tools","CNTH, CNKT, KSCQ, KSTN, CTTT, CNKH, Viet-Phap, KSCLC, CN, HEDSPI",
Thiết kế thuật toán và phần mềm ứng dụng Web quản lý phân công giảng dạy,Phạm Quang Dũng,"Quản lý giáo viên, sinh viên, các lớp, các môn học, phân công giáo viên cho các lớp, hỗ trợ kiểm tra trùng giờ -Thuật toán tối ưu gợi ý phân công giáo viên cho các lớp -Phương pháp thuật toán: linear integer programming, constraint programming, local search, greedy, heuristics, metaheuristics -Công nghệ: Java với framework Spring Boot, ReactJS, Docker, Postgres, Google Or-Tools","CNTH, CNKT, KSCQ, KSTN, CTTT, CNKH, Viet-Phap, KSCLC, CN, HEDSPI",
Thiết kế và xây dựng hệ thống đào tạo trực tuyến dựa trên kiến trúc micro-service,Phạm Quang Dũng,"Mục tiêu: Thiết kế và xây dựng nền tảng phục vụ đào tạo trực tuyến dựa trên kiến trúc micro-service -Tính năng chính: -Giáo viên tạo và quản lý các lớp, môn học và học liệu (video, quiz, bài tập), -Sinh viên đăng ký vào các lớp, xem học liệu, làm quiz... -Thuật toán gợi ý tự động trong việc phân công, sắp xếp, tổ chức dạy và học","CNTH, CNKT, KSCQ, KSTN, CTTT, CNKH, Viet-Phap, KSCLC, CN, HEDSPI",
Xây dựng ứng dụng bảng vẽ chia sẻ (online collaborative white board) trong đào tạo trực tuyến,Phạm Quang Dũng,"thiết kế và xây dựng ứng dụng cho phép người dùng chia sẻ bảng vẽ trực tuyến (online collaborative white board) ứng dụng trong hội họp, đào tạo trực tuyến. Ứng dụng cho phép 1 người dùng mở 1 bảng vẽ, thực hiện các thao tác viết, vẽ trên đó và thông tin đó sẽ được broadcast đến các người dùng khác trong nhóm 1 cách realtime (ví dụ giáo viên giải thích kiến thức trên bảng và học sinh ở các nơi khác, kết nối, truy cập vào bảng có thể xem được thông tin trên bảng 1 cách sống động","CNTH, CNKT, KSCQ, KSTN, CTTT, CNKH, Viet-Phap, KSCLC, CN, HEDSPI",
Xây dựng ứng dụng chia sẻ trình soạn thảo văn bản online,Phạm Quang Dũng,Xây dựng ứng dụng cho phép nhiều người trong cùng 1 nhóm có thể chia sẻ trình soạn thảo văn bản: mỗi thành viên trong nhóm khi cập nhật tài liệu thì các thành viên khác có thể nhìn thấy sự thay đổi một cách realtime. Ứng dụng trong dạy và học lập trình,"CNTH, CNKT, KSCQ, KSTN, CTTT, CNKH, Viet-Phap, KSCLC, CN, HEDSPI",
Thiết kế và xây dựng phần mềm quản lý giao và theo dõi thực hiện công việc,Phạm Quang Dũng,"Mục tiêu: Xây dựng hệ thống (Web Application) quản lý việc phân công và theo dõi tiến độ thực hiện các công việc/nhiệm vụ -Công nghệ: Java với Spring-Boot framework, ReactJS, Postgres, MongoDB, Docker","CNTH, CNKT, KSCQ, KSTN, CTTT, CNKH, Viet-Phap, KSCLC, CN, HEDSPI",
Nghiên cứu và phát triển thuật toán tối ưu cho bài toán phân công công việc,Phạm Quang Dũng,"nghiên cứu và phát triển thuật toán tối ưu giải bài toán phân công công việc/nhiệm vụ cho nhân viên thỏa mãn ràng buộc về chuyên môn kỹ thuật, nhắm tới cân bằng tải giữa các nhân viên -Phương pháp: quy hoạch nguyên tuyến tính (integer linear programming), quy hoạch ràng buộc (constraint programming), tìm kiếm cục bộ dựa trên ràng buộc (constraint-based local search), các thuật toán tham lam (greedy), heuristics, nhánh và cận (branch and bound)","CNTH, CNKT, KSCQ, KSTN, CTTT, CNKH, Viet-Phap, KSCLC, CN, HEDSPI",
"Xây dựng mobile App cho sinh viên tương tác, khai thác với các học liệu trên nền tảng đào tạo trực tuyến",Phạm Quang Dũng,"thiết kế và phát triển ứng dụng trên mobile cho người dùng tương tác và khai thác học liệu (xem video, slide, làm quiz) trên nền tảng dạy và học trực tuyến.","CNTH, CNKT, KSCQ, KSTN, CTTT, CNKH, Viet-Phap, KSCLC, CN, HEDSPI",
"Đề tài dành cho cử nhân, KS, thạc sĩ khoa học kỹ thuật và khoa học theo định hướng nghiên cứu",Phạm Văn Hải,,"VB2, CNKT, KSCQ, SIE, KSTN, CTTT, KSCLC, CN, VLVH, HEDSPI",
"Đề tài luận án tốt nghiệp,cử nhân, kỹ sư các hệ trong viện CNTT 2022-1",Phạm Văn Hải,,"VB2, CNKT, KSCQ, SIE, KSTN, CTTT, KSCLC, CN, VLVH, HEDSPI",
"Đề tài đồ án tốt nghiệp ICT, Việt-Nhật và DS-AI 2022-1",Phạm Văn Hải,,"ThSKH, VB2, CNKT, KSCQ, SIE, KSTN, CTTT, LATS, KSCLC, CN, ThSKT, VLVH, HEDSPI",
"Đề tài đồ án, nguyện vọng đề tài cho tất cả các hệ kỳ học 2022-1",Phạm Văn Hải,,"ThSKH, VB2, CNKT, KSCQ, SIE, KSTN, CTTT, LATS, KSCLC, CN, ThSKT, VLVH, HEDSPI",
Machine Learning,Thân Quang Khoát,"Tìm hiểu những công nghệ mới của Machine Learning và ứng dụng vào thực tế - Streaming/Online/Lifelong Learning - Memorization of ML models - Randomness in ML models - Deep neural networks - Generative models for data generation: GAN, VAE, ResGAN, LDA, GMM, HMM, ... - ML for music generation Vài đề tài đã hướng dẫn: - Dropout vô hạn - Hiệu quả của các phương pháp học ngẫu nhiên trên dữ liệu văn bản ngắn - Nghiên cứu, đánh giá hiệu quả một số mô hình học máy cho bài toán phân loại đa nhãn - Hệ gợi ý với phân rã ma trận Poisson và dropout - Áp dụng mạng hồi quy vào hệ gợi ý sử dụng phiên làm việc - Gợi ý lai giữa mạng nơron và phân rã ma trận Poisson","ThSKH, CNKT, KSCQ, KSTN, CTTT, LATS, KSCLC, HEDSPI",
Deep Learning and applications,Thân Quang Khoát,"Học sâu trong môi trường liên tục thay đổi - Mạng nơron có khả năng học suốt đời - Các mô hình sinh: GAN, VAE, Auto-Encoder, Diffusion models, ... - Học cách vẽ tranh, ảnh, videos, nhạc, ... - Nén mạng nơron Vài đề tài đã hướng dẫn: - Chuyển đổi khuôn mặt với StyleGAN - Học để sinh ảnh hoạt hình - Nén mạng nơron - Mạng nơron Bayes - Ứng dụng mạng LSTM vào gán nhãn chuỗi - Mô hình Neural Collaborative Filtering cho bài toán gợi ý sử dụng phản hồi ẩn từ người dùng - Mạng hồi quy trong hệ gợi ý sử dụng phiên làm việc - Gợi ý lai giữa mạng nơron và phân rã ma trận Poisson","ThSKH, CNKT, KSCQ, KSTN, CTTT, LATS, KSCLC, HEDSPI",
Recommender systems,Thân Quang Khoát,"Tìm hiểu những công nghệ mới và xây dựng hệ gợi ý sản phẩm/phim/sách, ... Vài đề tài đã hướng dẫn: - Nghiên cứu sử dụng phản hồi ngầm từ người dùng trong hệ gợi ý - Mô hình Neural Collaborative Filtering cho bài toán gợi ý sử dụng phản hồi ẩn từ người dùng - Hệ gợi ý với phân rã ma trận Poisson và dropout - Áp dụng mạng hồi quy vào hệ gợi ý sử dụng phiên làm việc - Gợi ý lai giữa mạng nơron và phân rã ma trận Poisson","ThSKH, VB2, CNKT, KSCQ, SIE, KSTN, CTTT, LATS, KSCLC, CN, ThSKT, HEDSPI",
Methods for analyzing big data,Thân Quang Khoát,Vài đề tài đã hướng dẫn: - Dropout khi học từ dữ liệu vô hạn - Hiệu quả của các phương pháp học ngẫu nhiên trên dữ liệu văn bản lớn và ngắn - Áp dụng mạng hồi quy vào hệ gợi ý sử dụng phiên làm việc - Enabling HDP to work better for short texts at large scale - Eliminating overfitting of probabilistic topic models on short and noisy text: The role of Dropout,"ThSKH, CNKT, KSCQ, KSTN, CTTT, LATS, KSCLC, HEDSPI",
Analyzing social networks,Thân Quang Khoát,Vài đề tài đã hướng dẫn: - Xây dựng hệ thống thu thập và phân loại bài đăng trên các facebook fanpage,"ThSKH, CNKT, KSCQ, KSTN, CTTT, LATS, KSCLC, HEDSPI",
"Softwares with intelligent recommendation, prediction, interaction,…",Thân Quang Khoát,Vài đề tài đã hướng dẫn: - Xây dựng hệ thống thu thập và phân loại bài đăng trên các facebook fanpage,"ThSKH, CNKT, KSCQ, KSTN, CTTT, LATS, KSCLC, HEDSPI",
"Methods for prediction of users’ behaviors, interests, mood, …",Thân Quang Khoát,Nghiên cứu sử dụng phản hồi ngầm từ người dùng trong hệ gợi ý - Mô hình Neural Collaborative Filtering cho bài toán gợi ý sử dụng phản hồi ẩn từ người dùng - Áp dụng mạng hồi quy vào hệ gợi ý sử dụng phiên làm việc,"ThSKH, CNKT, KSCQ, KSTN, CTTT, LATS, KSCLC, ThSKT, HEDSPI",
Big Data Challenge,Thân Quang Khoát,,"ThSKH, VB2, CNKT, KSCQ, KSTN, CTTT, LATS, KSCLC, ThSKT, HEDSPI",Trí Nam
Tham gia nhóm nghiên cứu Document Understanding AI,Trần Việt Trung,"Nghiên cứu các công nghệ lõi liên quan đến bài toán hiểu và bóc tách các văn bản bán cấu trúc tự động. Đây không phải là bài toán NER (Named Entity Recognition) đơn thuần mà tập trung khai thác các đặc trưng đa thể thức như: đặc trưng văn bản, đặc trưng cấu trúc, đặc trưng trực quan, vvv",,
Tìm hiểu các thành phần Hadoop ecosystem,Trần Việt Trung,"Tìm hiểu các thành phần Hadoop ecosystem trong lưu trữ xử lý dữ liệu lớn, trong quá trình làm đồ án, sinh viên được kỳ vọng làm chủ việc quản trị hệ thống Hadoop cho các bài toán thực tế, giám sát các vấn đề về hiệu năng, chịu lỗi, phân tải, an toàn an ninh thông tin","ThSKH, VB2, CNKT, KSCQ, SIE, KSTN, CTTT, LATS, KSCLC, CN, ThSKT, VLVH, HEDSPI",
Phân tích dữ liệu lớn,Trần Việt Trung,"Sử dụng các nền tảng Hadoop, Spark, Kafka để giải quyết bài toán xử lý và phân tích dữ liệu lớn","TT, ĐATN, TTTN, ĐAMH",
Học sâu trong xử lý ngôn ngữ tự nhiên,Trần Việt Trung,"Sử dụng các nền tảng Hadoop, Spark, Kafka để giải quyết bài toán xử lý và phân tích dữ liệu lớn","TT, ĐATN, TTTN, ĐAMH",
Time series analysis (python) for financial markets,Trần Việt Trung,"Ứng dụng các mô hình phân tích time series trên dữ liệu stream/big data để phân tích, dự báo xu thế thị trường tài chính (quantitative finances), bất động sản",,
Xây dựng nền tảng dữ liệu tài chính (financial data platform),Trần Việt Trung,Xây dựng các nền tảng dữ liệu cho phép lưu trữ và truy vấn hiệu quả các dữ liệu tài chính.,": ThSKH, CNTH, CNKT, KSCQ, KSTN, CTTT, CNKH, Viet-Phap, KSCLC, CN, ThSKT, VLVH, HEDSPI",
Customer Data Platform,Trần Việt Trung,"A customer data platform (CDP) is a collection of software which creates a persistent, unified customer database that is accessible to other systems. Data is pulled from multiple sources, cleaned and combined to create a single customer profile. This structured data is then made available to other marketing systems.[1] According to Gartner, customer data platforms have evolved from a variety of mature markets, ""including multichannel campaign management, tag management and data integration.""[2] The CDP Institute estimates industry revenue at $1.9 billion for 2022, up 19 percent from $1.6 billion in 2021.[3]","TT, ĐATN, TTTN, ĐAMH, SV NCKH",
Data visualization for financial market,Trần Việt Trung,,"TT, ĐATN, TTTN, ĐAMH, SV NCKH",
Lập trình web với Angular/React JAVA SpringMVC,Trần Việt Trung,"Lập trình web với Angular/React JAVA SpringMVC, sinh viên có thể nhận được hỗ trợ từ doanh nghiệp dưới dạng thực tập (liên hệ giáo viên để có thông tin cụ thể hơn)",,
Ứng dụng Blockchain trong tài chính,Trần Vĩnh Đức,Cài đặt bằng Solidity trên nền tảng Ethereum/BSC các ứng dụng tài chính: - Lending Pool (cho vay và đi vay) - Decentralized exchanges (đổi tiền mật mã) - Security (an toàn trong ứng dụng tài chính),"CNTH, CNKT, KSCQ, KSTN, CTTT, CNKH, Viet-Phap, KSCLC, CN",
Một số bài toán tối ưu trên đồ thị,Trần Vĩnh Đức,,"ThSKH, CNKT, KSCQ, SIE, KSTN, CTTT, LATS, KSCLC, CN, ThSKT, HEDSPI",
Lý thuyết độ phức tạp tính toán,Trần Vĩnh Đức,,"ThSKH, CNKT, KSCQ, SIE, KSTN, CTTT, LATS, KSCLC, CN, ThSKT, HEDSPI",
Nghiên cứu các giải thuật xấp xỉ giải quyết các bài toán tối ưu trong mô hình bao phủ rào chắn của mạng cảm biến không dây.,Trần Vĩnh Đức,,"ThSKH, CNKT, KSCQ, SIE, KSTN, CTTT, LATS, KSCLC, CN, ThSKT, HEDSPI",
Lập lịch cho robot di động,Trần Vĩnh Đức,,"ThSKH, CNKT, KSCQ, SIE, KSTN, CTTT, LATS, KSCLC, CN, ThSKT, HEDSPI",
"Hướng đề tài cho ĐATN kỹ sư, cử nhân (Các bài toán đặt ra trong thực tiễn, xây dựng các hệ thống thông tin cài đặt thêm các chức năng xử lý, trợ giúp người sử dụng)",Trần Đình Khang,,"ThSKH, VB2, CNKT, KSCQ, SIE, KSTN, CTTT, CNKH, Viet-Phap, LATS, KSCLC, CN, ThSKT, VLVH, HEDSPI",
Hệ thống thông tin về học tập,Trần Đình Khang,,"ThSKH, CNKT, KSCQ, SIE, KSTN, CTTT, CNKH, Viet-Phap, KSCLC, CN, ThSKT, HEDSPI",
"Hướng đề tài cho ĐATN kỹ sư, cử nhân (Các ứng dụng có áp dụng dẫn xuất thông tin dựa trên cơ sở tri thức và suy luận xấp xỉ)",Trần Đình Khang,"Các ứng dụng có áp dụng dẫn xuất thông tin dựa trên cơ sở tri thức và suy luận xấp xỉ, ví dụ như tìm đường đi, xe tự điều khiển, các hệ chuyên gia, hệ gợi ý ứng dụng trong các lĩnh vực khác nhau, điều khiển cân bằng nhiệt độ ...","ThSKH, VB2, CNKT, KSCQ, SIE, KSTN, CTTT, CNKH, Viet-Phap, LATS, KSCLC, CN, ThSKT, VLVH, HEDSPI",
Các đề tài do sinh viên đề xuất,Trần Đình Khang,"Các bài toán quản lý, có thêm các chức năng phân tích dữ liệu, trợ giúp người dùng","CNKT, KSCQ, SIE, KSTN, CTTT, CNKH, Viet-Phap, KSCLC, CN, HEDSPI",
"Hướng đề tài cho ĐATN kỹ sư, cử nhân (Các đề tài phù hợp theo nguyện vọng của sinh viên, do sinh viên tự đề xuất)",Trần Đình Khang,,"ThSKH, VB2, CNKT, KSCQ, SIE, KSTN, CTTT, CNKH, Viet-Phap, LATS, KSCLC, CN, ThSKT, VLVH, HEDSPI",
"Các phương pháp phân lớp, phân cụm, phân cụm bán giám sát",Trần Đình Khang,"Tìm hiểu, nghiên cứu các kỹ thuật phân tích dữ liệu, thực nghiệm và ứng dụng trong các bài toán thực tiễn","ThSKH, CNKT, KSCQ, KSTN, CTTT, CNKH, Viet-Phap, CN, ThSKT, HEDSPI",
"Hướng đề tài cho GR Việt Nhật, ICT (Information systems)",Trần Đình Khang,"Approximate reasoning: study some aspects of fuzzy sets, fuzzy reasoning, fuzzy systems … to process vague, incomplete and inexact information, apply approximate reasoning in knowledge-based systems (2) Decision support systems: study some aspects of decision making (DM), as multi-attribute, multi-criteria, multi-objective DM, some methods for solving DM problems and applications (3) Linguistic variables and applying in information representation and processing. (4) Management information systems","ThSKH, VB2, CNKT, KSCQ, SIE, KSTN, CTTT, CNKH, Viet-Phap, LATS, KSCLC, CN, ThSKT, VLVH, HEDSPI",
Logic mờ và suy luận xấp xỉ,Trần Đình Khang,"Các kỹ thuật về biểu diễn và xử lý thông tin không chắc chắn, các hệ thống thông minh, ứng dụng trong các bài toán thực tiễn","ThSKH, CNKT, KSCQ, KSTN, CTTT, CNKH, LATS, KSCLC, ThSKT, HEDSPI",
Hướng đề tài cho LV thạc sĩ về Xây dựng các hệ mờ ứng dụng,Trần Đình Khang,"Tìm hiểu các kỹ thuật biểu diễn thông tin mờ, không chính xác, không chắc chắn … áp dụng các phương pháp suy luận xấp xỉ dẫn xuất thông tin, tính toán kết quả đầu ra. - Bài toán ứng dụng trong thức tiễn, như: điều khiển xe tự hành, ổn định tham số động cơ, chẩn đoán dựa trên tri thức, dự báo, …","ThSKH, LATS, ThSKT",
Mạng đồng tác giả nghiên cứu khoa học,Trần Đình Khang,"Biểu diễn mạng đồng tác giả nghiên cứu khoa học để giải quyết các bài toán: xác định mức độ liên kết, gợi ý đồng tác giả nghiên cứu khoa học ...","KSCQ, CTTT, ThSKT, HEDSPI",
Hướng đề tài cho LV thạc sĩ về Các phương pháp trợ giúp ra quyết định và ứng dụng,Trần Đình Khang,"Tìm hiểu các kỹ thuật mô hình hóa, biểu diễn và giải quyết bài toán ra quyết định, các kỹ thuật biểu diễn thông tin định lượng, định tính, chủ quan, dạng ngôn ngữ … - Bài toán ứng dụng trong thực tiễn, như: trợ giúp phân bổ tài nguyên, tuyển sinh đại học, lập lịch, lựa chọn sản phẩm, đánh giá phương án, mô phỏng, dự báo, …","ThSKH, LATS, ThSKT",
Hướng đề tài cho LV thạc sĩ về Các phương pháp phân tích thông tin mạng đồng tác giả bài báo khoa học,Trần Đình Khang,"Phát triển các độ đo liên kết trong mạng xã hội, mạng đồng tác giả bài báo khoa học, kết hợp phân tích cộng tác, nội dung và ngữ cảnh - Tìm hiểu các kỹ thuật phân lớp mờ, phân cụm mờ, … áp dụng đánh giá mức độ liên kết - Bài toán ứng dụng trong khuyến nghị cộng tác nghiên cứu","ThSKH, LATS, ThSKT",
"Nghiên cứu, tìm hiểu các mô hình dự đoán chuỗi thời gian",Trần Đình Khang,"Mô hình chuỗi thời gian như mô hình markov ẩn, mangj nơ ron hồi quy (LSTM), thường được dùng để dự đoán theo chuối thời gian. Chúng tôi mong muốn áp dụng các kỹ thuật học máy và khai phá dữ liệu tiên tiết nhất để dự đoán tình hình giao thông theo từng thời điểm.",KSCQ,
"Xây dựng ứng dụng trò chơi, mô phỏng",Trịnh Thành Trung,"Xây dựng các ứng dụng trò chơi (thể loại RPG, action, adventure...) hoặc các ứng dụng mô phỏng (lái ô tô, mô phỏng cơ khí...). NOTE: Không bao gồm các trò chơi thể loại card game hay board game. Độ khó: Tùy thuộc đề tài cụ thể.",,
Ứng dụng Virtual Reality,Trịnh Thành Trung,"Mục tiêu: Xây dựng ứng dụng thực tế ảo trong các lĩnh vực như mô phỏng, giải trí tại gia, trò chơi... Độ khó: Trung bình",,
Phát triển ứng dụng tương tác trên Metaverse,Trịnh Thành Trung,"Metaverse là thế giới ảo, có thể được tham gia thông qua trò chơi (như Second Life), hoặc tương tác qua AR/VR (vd Horizon Worlds, VR Chat, RecRoom). Có rất nhiều tương tác có thể được xây dựng trong thế giới ảo, tương tự như các tương tác ở thế giới thật, chẳng hạn như mua sắm, xem phim, trò chuyện v.v.. Sinh viên phát triển một ứng dụng cơ bản mô phỏng một tương tác. Nâng cao hơn, sinh viên tìm hiểu những khó khăn của phương pháp đó khi mô phỏng trong thế giới ảo và đề xuất phương pháp để khắc phục. Độ khó: Trung bình - Phức tạp",,
Ứng dụng AR/XR,Trịnh Thành Trung,"Mục tiêu: Ứng dụng công nghệ thực tế ảo tăng cường (augmented reality), thực tế ảo mở rộng (extended reality) trong các lĩnh vực như tra cứu, giải trí, giáo dục… Độ khó: Trung bình",,
Mô phỏng hành vi con người trong giao thông,Trịnh Thành Trung,"Mục tiêu: Nghiên cứu các lý thuyết về trí tuệ nhân tạo và các hệ tác tử, nghiên cứu và phân tích hành vi con người trong giao thông (microscopic - điều khiển phương tiện giao thông, macroscopic - luồng giao thông,...), từ đó xây dựng các giả thuyết về hành vi con người trong một môi trường ảo được kiểm soát. Độ khó: Tương đối phức tạp - Phức tạp",,
Xây dựng thư viện trí tuệ cho nhân vật trong trò chơi,Trịnh Thành Trung,"Mục tiêu: Sinh viên xây dựng một bộ thư viện hỗ trợ khả năng suy nghĩ cho các nhân vật NPC trong trò chơi. Mỗi nhân vật có một góc nhìn riêng của bản thân về thế giới để đưa ra các quyết định tùy theo tình huống cụ thể. Hệ thống phải được đóng gói thành các thư viện, có thể tích hợp để sử dụng trong các game khác nhau. Độ khó: Tương đối phức tạp.",,
Xây dựng thư viện trí tuệ cho nhân vật trong trò chơi,Trịnh Thành Trung,"Mục tiêu: Sinh viên xây dựng một bộ thư viện hỗ trợ khả năng suy nghĩ cho các nhân vật NPC trong trò chơi. Mỗi nhân vật có một góc nhìn riêng của bản thân về thế giới để đưa ra các quyết định tùy theo tình huống cụ thể. Hệ thống phải được đóng gói thành các thư viện, có thể tích hợp để sử dụng trong các game khác nhau. Độ khó: Tương đối phức tạp.",,
Tạo địa hình không giới hạn,Trịnh Thành Trung,"Mục tiêu: Phát triển ứng dụng đồ họa mô phỏng địa hình không giới hạn: Ứng dụng có thể tự động sinh ra các loại địa hình khác nhau một cách ngẫu nhiên hoặc theo các mẫu cho trước. Mở rộng hơn, các địa hình này có thể bị thay đổi khi có tác động của người dùng (cháy, nổ…) Độ khó: Tương đối phức tạp",,
Mạng xã hội hỗ trợ giáo dục,Trịnh Thành Trung,"Mục tiêu: Hệ thống mạng xã hội cho phép các sinh viên kết bạn, tham gia các khóa học và chia sẻ các thông tin. Giáo viên có thể cung cấp các tài liệu, đưa ra các thông báo cho các lớp mình đang dạy. Hệ thống hỗ trợ các tính năng như lịch làm việc, thông báo, nhắc việc. Độ khó: Trung bình",,
Mạng xã hội hỗ trợ giáo dục,Trịnh Thành Trung,"Mục tiêu: Hệ thống mạng xã hội cho phép các sinh viên kết bạn, tham gia các khóa học và chia sẻ các thông tin. Giáo viên có thể cung cấp các tài liệu, đưa ra các thông báo cho các lớp mình đang dạy. Hệ thống hỗ trợ các tính năng như lịch làm việc, thông báo, nhắc việc. Độ khó: Trung bình",,
Blockchain: Tìm hiểu và phân tích giao dịch các ứng dụng tài chính phi tập trung DeFi,Trịnh Tuấn Đạt,"1. Tìm hiểu các ứng dụng tài chính phi tập trung DeFi (Lending, DEX, Staking, ...). 2. Phân tích 1 loại mô hình nào đó (ví dụ như DEX). 3. Phân tích giao dịch sinh ra từ các ứng dụng theo mô hình lựa chọn. 4. Xây dựng hệ thống dashboard trực quan hóa dữ liệu phân tích được, so sánh các ứng dụng trong cùng loại mô hình nào đó.",,
"Hệ đánh giá và hệ gợi ý dựa trên kết quả học tập của học sinh các cấp 1, 2, 3",Trịnh Tuấn Đạt,"A. Đầu vào: 1. Kết quả học tập học sinh các Trường học (Tiểu học, THCS, PTTH) ở Hà Nội và 1 số Tỉnh thành. 2. Nhận xét của giáo viên. B. Đầu ra: 1. Hệ thống biểu đồ phân tích kết quả học tập. 2. Đánh giá năng khiếu/tài năng cho học sinh. 3. Gợi ý việc bổ túc các môn học yếu, gợi ý trường học khi chuyển cấp.",,
Ứng dụng Web chuyển đổi số: Dự báo kết quả thực hiện các công việc trong kho,Trịnh Tuấn Đạt,"Công nghệ: ReactJS, MongoDB, NodeJS Yêu cầu: Cây dựng ứng Web, dự báo kết quả thực hiện thành công các công việc trong kho, có xét tới yếu tố rủi ro Tính chất đề tài: Lập trình Web + cài đặt thuật toán có sẵn",,
Ứng dụng Web/Mobile tự đề xuất,Trịnh Tuấn Đạt,"Ý tưởng SV tự đề xuất Ngôn ngữ/nền tảng: Android, iOS, ReactJS/React Native, PHP, ASP, Java, ...",,SmartOSC
Khung ứng dụng web chuyển đổi số: Cài đặt tập các chức năng phân quyền và ủy quyền,Trịnh Tuấn Đạt,"Công nghệ: ReactJS, MongoDB, NodeJS Yêu cầu: Xây dựng ứng Web, tập trung vào các chức năng phân quyền và ủy quyền cho nhân viên tới các tài nguyên của doanh nghiệp. Ứng dụng sẽ là nền tảng cơ sở để phát triển thêm các module chức năng khác",,
Ứng dụng Web chuyển đổi số: Dự báo số lượng sản xuất cho doanh nghiệp,Trịnh Tuấn Đạt,"Công nghệ: ReactJS, MongoDB, NodeJS Yêu cầu: Cây dựng ứng Web, dựa trên số liệu bán hàng doanh nghiệp, đề xuất số lượng các mặt hàng cần SX để lên kế hoạch cho giám đốc sản xuất Tính chất đề tài: Lập trình Web + cài đặt thuật toán có sẵn",,
Khung ứng dụng web chuyển đổi số: Cài đặt tập các chức năng phân quyền và ủy quyền,Trịnh Tuấn Đạt,"Công nghệ: ReactJS, MongoDB, NodeJS Yêu cầu: Xây dựng ứng Web, tập trung vào các chức năng phân quyền và ủy quyền cho nhân viên tới các tài nguyên của doanh nghiệp. Ứng dụng sẽ là nền tảng cơ sở để phát triển thêm các module chức năng khác",,
Ứng dụng Web chuyển đổi số: Dự báo số lượng sản xuất cho doanh nghiệp,Trịnh Tuấn Đạt,"Công nghệ: ReactJS, MongoDB, NodeJS Yêu cầu: Cây dựng ứng Web, dựa trên số liệu bán hàng doanh nghiệp, đề xuất số lượng các mặt hàng cần SX để lên kế hoạch cho giám đốc sản xuất Tính chất đề tài: Lập trình Web + cài đặt thuật toán có sẵn",,
Phần mềm quản lý công việc và đánh giá KPI,Vũ Thị Hương Giang,"Bối cảnh: Các cơ quan, tổ chức, doanh nghiệp có các vị trí công việc khác nhau. Mỗi vị trí thường sẽ có bản mô tả công việc hoặc kế hoạch làm việc theo tháng / quý / năm. Nhà quản lý sẽ áp dụng các biện pháp để theo dõi quy trình va kết quả thực hiện công việc, cũng như thiết lập các chỉ số để đánh giá hiệu quả của vị trí công việc đó, để đưa ra các chế độ thưởng phạt cho từng cá nhân. Mục tiêu: xây dựng phần mềm quản lý công việc và đánh giá KPI cho các doanh nghiệp. Phần mềm gồm nhiều module, đã được nhóm nghiên cứu và phát triển từ 2019 đến nay. Các sinh viên có thể lựa chọn một số module để thực hiện - Quản lý quy trình làm việc - Quản lý cơ cấu tổ chức công việc - Quản lý tiêu chí đánh giá KPI - Quản lý thống kê, báo cáo - Quản lý tài liệu - Quản lý vấn đề phát sinh - Quản lý thay đổi - Quản lý người dùng - Báo cáo thống kê - Quản trị - Quản lý ghép nối thông tin với các ứng dụng sẵn có tại doanh nghiệp - Quản lý công việc theo từng nghiệp vụ cụ thể: sản xuất, kinh doanh, dịch vụ ...","ThSKH, VB2, CNKT, KSCQ, SIE, KSTN, CTTT, CNKH, LATS, KSCLC, CN, ThSKT, VLVH, HEDSPI",Trí Nam
Meeting minutes - Hệ thống quản lý biên bản cuộc họp,Vũ Thị Hương Giang,"Họp hành là chuyện không thể không làm trong bất kỳ lĩnh vực nào. Do cần có sự góp mặt và đóng góp ý kiến của nhiều người, việc tổ chức họp vào thời điểm nào, ở đâu ..., với những tài liệu gì cần cung cấp trước, ai tham gia với vị trí như thế nào là điều cần hoạch định sẵn để tiết kiệm thời gian, tăng hiệu quả công việc. Bên cạnh đó, bất kỳ cuộc họp nào cũng cần ghi biên bản để ghi nhớ nội dung, diễn biến và kết luận của cuộc họp, cung cấp thông tin cho những người vắng mặt cũng như lưu vết nội dụng cuộc họp. Để tối ưu quá trình ghi biên bản, có thể tích hợp một số công cụ hỗ trợ như: công cụ nhận dạng người nói, lời nói tiếng Việt, công cụ ghi tốc ký tiếng Việt. Trong khuôn khổ ĐATN, sinh viên có thể lựa chọn các phần công việc như: - Ứng dụng (web hoặc mobile) hỗ trợ tổ chức và quản lý các công việc được giao trong cuộc họp: tự động trích xuất các nội dung giao việc","ThSKH, VB2, CNKT, KSCQ, SIE, KSTN, CTTT, LATS, KSCLC, CN, ThSKT, VLVH, HEDSPI",
Đề tài theo nguyện vọng của sinh viên,Vũ Thị Hương Giang,,"ThSKH, VB2, CNKT, KSCQ, SIE, KSTN, CTTT, LATS, KSCLC, CN, ThSKT, VLVH, HEDSPI",
Micro service và ứng dụng,Vũ Thị Hương Giang,"Tiếp nối SOA, microservices là kiến trúc cho phép phát triển phần mềm linh hoạt, giải quyết được các nghiệp vụ phức tạp của doanh nghiệp. Ý tưởng chính là không xây dựng các ứng dụng gắn liền một khối (monolithic applications), mà chia ra thành các dịch vụ nhỏ, có khả năng phát triển và triển khai độc lập, mỗi dịch vụ đều cung cấp API tương ứng với các chức năng nghiệp vụ đặc thù, tự quản lý cơ sở dữ liệu riêng hoặc sử dụng API của dịch vụ quản trị cơ sở dữ liệu khác. Các ứng dụng của người dùng cuối kết nối đến các dịch vụ thông qua API gateway. Các công việc cụ thể: - Tìm hiểu các công nghệ liên quan","ThSKH, VB2, CNKT, KSCQ, SIE, KSTN, CTTT, LATS, KSCLC, CN, ThSKT, VLVH, HEDSPI",Trí Nam
VietSteno – Virtual reality typing game hoặc các ứng dụng khác dựa trên cơ chế gõ tốc ký,Vũ Thị Hương Giang,"Tốc ký (stenography) là một phương pháp đã được sử dụng phổ biến trên thế giới, nhằm rút ngắn thời gian và thao tác soạn thảo nội dung văn bản. Các phương pháp tốc ký thường được chia thành 2 nhóm chính. Nhóm thứ nhất gọi là tốc ký không quy tắc, dựa trên từ điển, quy ước ánh xạ giữa một từ / cụm từ / câu có nghĩa trong một ngôn ngữ với tập ký hiệu nào đó. Ví dụ: HĐ (hợp đồng / hội đồng), hi e! (chào em). Với cách này, lúc soạn thảo vẫn gõ tuần tự từng chữ cái để hình thành từ. Nhóm thứ 2 gọi là tốc ký có quy tắc, dựa trên các quy tắc ghép chữ, ghép âm, ghép từ để có thể tự động sinh và kiểm tra nội dung văn bản","ThSKH, VB2, CNKT, KSCQ, SIE, KSTN, CTTT, CNKH, LATS, KSCLC, CN, ThSKT, VLVH, HEDSPI",
DevOps security,Vũ Thị Hương Giang,"DevOps là một cách tiếp cận phát triển phần mềm sử dụng phương pháp Agile để tích hợp và hợp lý hóa quy trình phát triển và triển khai. Kết quả là phần mềm được phát triển nhanh hơn, triển khai hiệu quả hơn. DevOps đặt ra nhiều thách thức về an toàn thông tin cần giải quyết. Sinh viên có thể lựa chọn thực hiện theo 2 hướng: 1. Tìm hiểu một số bộ tiêu chí đánh giá an toàn thông tin, các công cụ đánh giá phổ biến hiện nay cho các ứng dụng được phát triển và triển khai theo DevOps. Xây dựng một công cụ hỗ trợ thu thập kết quả đánh giá từ các công cụ hiện có, tổng hợp và hiện thị trực quan. Thử nghiệm, cải tiến trong môi trường thực tế. 2. Đánh giá rủi ro an toàn thông tin cho các ứng dụng theo các bước thực hiện DevOps và khi triển khai vận hành trên cloud.","ThSKH, VB2, CNKT, KSCQ, SIE, KSTN, CTTT, CNKH, LATS, KSCLC, CN, ThSKT, VLVH, HEDSPI",
Phát triển ứng dụng đa nền tảng trong lĩnh vực logistics,Vũ Thị Hương Giang,"Bối cảnh: Hiện nay, logistics đóng vai trò quan trọng trong nền kinh tế đất nước. Theo hiệp hội logistics Việt Nam, giá trị các dịch vụ logistics (bao gồm nhận hàng, vận chuyển, lưu kho, lưu bãi, làm thủ tục hải quan, các thủ tục giấy tờ khác, tư vấn khách hàng, đóng gói bao bì, ghi ký mã hiệu, giao hàng hoặc các dịch vụ khác có liên quan đến hàng hóa theo thỏa thuận với khách hàng để hưởng thù lao) chiếm đến 20% GDP của Việt Nam. Để dịch vụ logistics đạt hiệu quả cao nhất trong môi trường cạnh tranh như hiện nay, cần quản trị logistics tốt. Quản trị logistics là một quá trình của các nhiệm vụ cần thực hiện gồm có hoạch định (lập kế hoạch), thực hiện, kiểm soát việc vận chuyển và dự trữ hiệu quả nguyên vật liệu, hàng hóa, dịch vụ cũng như các thông tin liên quan đến nơi đi, nơi đến của sản phẩm tiêu thụ. Từ 2020-nay, chúng tôi đã và đang nghiên cứu các mô hình, ứng dụng có thể hỗ trợ tối ưu hóa rủi ro có khả năng phát sinh trong quá trình lập lịch; gắn với 1 trường hợp ứng dụng cụ thể vào các dịch vụ logistics thực tế như quản lý đơn hàng (OMS), quản lý kho hàng (WMS), quản lý vận tải (TMS), quản lý nguồn lực (workforce management).","ThSKH, CNTH, IPE, VB2, CNKT, KSCQ, SIE, KSTN, CTTT, CNKH, Viet-Phap, LATS, KSCLC, CN, ThSKT, VLVH, HEDSPI",
Xây dựng phần mềm quản lý rủi ro,Vũ Thị Hương Giang,"Rủi ro là một sự kiện không mong muốn xảy ra với bất kỳ thực thể nào trong quá trình hoạt động. Nó gây ra hậu quả, để lại thiệt hại mà chúng ta không biết, không lường trước được về không gian, thời gian, cũng như mức độ nghiêm trọng. Quản lý rủi ro là khái niệm tham chiếu đến các quy trình xác định, đánh giá và kiểm soát các rủi ro này để giảm thiểu thiệt hại. Tham gia vào đề tài này sinh viên có thể đi theo 2 hướng. Một là nghiên cứu các mô hình hỗ trợ việc xác định, đánh giá các rủi ro trong một lĩnh vực hoạt động cụ thể, ví dụ rủi ro khi lập kế hoạch thực hiện, rủi ro khi thực hiện các quy trình logistics, hay các rủi ro an toàn thông tin khi đầu tư, triển khai một hệ thống CNTT, hay các rủi ro khi đầu tư kinh doanh. Các mô hình này có thể dựa trên các kỹ thuật tính toán xác suất truyền thống như mạng Bayes, hoặc các kỹ thuật AI như mạng neuron sâu. Hai là cài đặt các mô hình hỗ trợ việc xác định, đánh giá các rủi ro nói trên (là kết quả nghiên cứu của nhóm), tích hợp vào bộ các công cụ quản lý rủi ro hiện có.","ThSKH, CNTH, IPE, VB2, CNKT, KSCQ, SIE, KSTN, CTTT, CNKH, Viet-Phap, LATS, KSCLC, CN, ThSKT, VLVH, HEDSPI",
Tích hợp ứng dụng chuyển đổi số doanh nghiệp,Vũ Thị Hương Giang,"Liên kết các ứng dụng (ví dụ quản lý quan hệ khách hàng (CRM), quản lý chuỗi cung ứng (SCM) và kinh doanh thông minh) mà không làm thay đổi cấu trúc dữ liệu hoặc nghiệp vụ của ứng dụng quá mức là nhu cầu thực tế của nhiều doanh nghiệp. Tuy nhiên, EAI bị thách thức bởi các hệ điều hành, kiến ​​trúc cơ sở dữ liệu và / hoặc ngôn ngữ máy tính khác nhau, cũng như các tình huống khác khi các hệ thống cũ không còn được hỗ trợ bởi các nhà sản xuất ban đầu. Cần tìm giải pháp cho các tình huống thực tế, đáp ứng nhu cầu của doanh nghiệp. Sinh viên liên hệ giáo viên để biết từng bài toán cụ thể. Ngôn ngữ lập trình: (1) Java, Javascripts, MySQL, (2) mean stack","ThSKH, VB2, CNKT, KSCQ, SIE, KSTN, CTTT, LATS, KSCLC, CN, ThSKT, VLVH, HEDSPI",
Khung quản trị dữ liệu,Vũ Tuyết Trinh,"Nghiên cứu tìm hiểu các công nghệ về khung quản trị dữ liệu (Data Gouvernance) đặc biệt quan tâm đến các vấn đề bảo mật và an toàn dữ liệu (data security), tính riêng tư (data privacy), tích hợp (integration & interoperability), chất lượng dữ liệu (data quality) trong các môi trường phân tán và không đồng nhất (distributed and heterogenous). Đề tài theo hướng nghiên cứu công nghệ và ứng dụng.","ThSKH, CNKT, KSCQ, KSTN, CTTT, CNKH, Viet-Phap, KSCLC, CN, ThSKT, HEDSPI",
Định hướng : Các hệ thống hướng ngữ cảnh và cá nhân hóa (context-aware Computing and Personalization),Vũ Tuyết Trinh,"Các hệ thống hướng ngữ cảnh và cá nhân hóa (context-aware Computing and Personalization) (a) Truy vấn dữ liệu (interactive query processing) (b) Truy vấn Top-k (c) hệ gợi ý (d) tìm kiếm và đối sánh thông tin (Matching and Recommendation) một số lĩnh vực quan tâm y tế, dinh dưỡng, giao thông, du lịch, giáo dục, online content, tuyển dụng (job matching), thông tin người dùng (user identification mapping)","ThSKH, VB2, CNKT, KSCQ, SIE, KSTN, CTTT, CNKH, Viet-Phap, LATS, KSCLC, CN, ThSKT, VLVH, HEDSPI",
Định hướng: Thu thập và tích hợp dữ liệu (spatial & non-spatial data and (geo-)social crowdsourcing),Vũ Tuyết Trinh,"Thu thập, tích hợp và phân tích dữ liệu (data integration, Crowdsourcing data, data analysis) (a) scalable, privacy, truth (b) recommendation (c) Geo-social Intelligence: crowdsourcing and data analysis (d) Ứng dụng: giao thông, giao hàng, location-based media social network","ThSKH, VB2, CNKT, KSCQ, SIE, KSTN, CTTT, CNKH, Viet-Phap, LATS, KSCLC, CN, ThSKT, VLVH, HEDSPI",
"Định hướng: Thu thập, phân tích, dự báo chuỗi thời gian",Vũ Tuyết Trinh,"Các kỹ thuật thu thập, phân tích và dự báo chuỗi thời gian - (spatial-) time series ứng dụng cho bài toán dữ liệu giao thông, mạng, giám sát hệ thống sản xuất","ThSKH, VB2, CNKT, KSCQ, SIE, KSTN, CTTT, CNKH, Viet-Phap, LATS, KSCLC, CN, ThSKT, VLVH, HEDSPI",
Định hướng: Phát triển ứng dụng,Vũ Tuyết Trinh,"Phát triển ứng dụng (web, mobile, đa nền tảng..) : chủ đề trao đổi cụ thể (một số lĩnh vực quan tâm y tế, dinh dưỡng, giao thông, giáo dục ..)","ThSKH, VB2, CNKT, KSCQ, SIE, KSTN, CTTT, CNKH, Viet-Phap, LATS, KSCLC, CN, ThSKT, VLVH, HEDSPI",smartOSC
Định hướng: Dịch vụ dữ liệu (cho IoT platform),Vũ Tuyết Trinh,"Dịch vụ dữ liệu (cho IoT platform) (a)Truy vấn Top-k, phân tích dữ liệu luồng ( streaming data) (b)Tích hợp dữ liệu (c)Dịch vụ dữ liệu cho IoT (tích hợp, cộng tác, …) (d) privacy","ThSKH, VB2, CNKT, KSCQ, SIE, KSTN, CTTT, CNKH, Viet-Phap, LATS, KSCLC, CN, ThSKT, VLVH, HEDSPI",
Các hệ thống đa nền tảng,Vũ Đức Vượng,"Xây dựng các hệ thống đa nền tảng ; PC, Mobile, ipad... ví dụ chợ điện tử Mbay,nhà hàng, với nhiều phân hệ, modul, trên các nền tảng công nghệ, phương tiện khác nhau.",,
Xây dựng game,Vũ Đức Vượng,,,Gameloft
Các đề tài theo đề xuất của SV,Vũ Đức Vượng,,,
Apps chuyển đổi ảnh thành bản vẽ,Vũ Đức Vượng,"xây dựng ứng dụng trên mobile, cho phép chụp ảnh thực tế kết hợp 1 vài hiện vật chuẩn, rồi nhận dạng, phân tích và bóc tách hình ảnh thực tế chuyển thành các bản vẽ. rồi xuất ra pdf, dwg .... Đây là ứng dụng rất hữu ích cho các doanh nghiệp sản xuất, gia công, lắp ráp ví dụ như nhôm kính...để từ khung hình thực tế, đưa ra kích thước chuẩn, chính xác cho các chi tiết cần gia công thêm. Là đề tà mang tính ứng dụng thực tiễn,","CNKT, KSCQ, KSTN, CTTT, KSCLC",
Các hệ thống thông tin quản lý,Vũ Đức Vượng,"Xây dựng các hệ thống thông tin quản lý :Kế toán. Nhà hàng, Khách sạn, Trường mầm non, quản lý Vật tư, Hàng hóa,Thiết bị, Cho thuê Xe, Thuê phòng học, .. trên nền winform với C# và sqlserver hoặc trên nền web với C# và sqlserver hoặc Php, java với MySql",,SmartOSC; Megastore
Xây dựng các ứng dụng trên Mobile ( App),Vũ Đức Vượng,"Xây dựng các ứng dụng trên Mobile như : app quản lý chung cư, học ngoại ngữ, quản lý bến bãi, Nhà hàng, Đăng ký học..","CNTH, CNKT, KSCQ, SIE, VLVH",
Elearning - Hệ thống đào tạo trực tuyến,Vũ Đức Vượng,"Xậy dựng hệ thống quản lý tài nguyên, chương trình học tập, người học, tiến trình học tập, rèn luyện và thi cử trực tuyến","CNTH, CNKT, KSCQ, SIE, VLVH",
Phát triển ứng dụng đa nền tảng sử dụng WINDEV,Vũ Đức Vượng,"Windev là môi trường tích hợp để phát triển các ứng dụng đa nền tảng (Windows, .Net, Linux, Mac, Internet, Intranet, Máy tính bảng, Điện thoại thông minh, máy chủ Windows hoặc Linux, v.v.) . WINDEV tạo các ứng dụng cho Windows, Linux và Mac. WEBDEV biên dịch lại chúng cho Internet. WINDEV Mobile biên dịch lại chúng cho máy tính bảng hoặc điện thoại thông minh. cùng với công nghệ AAF : cung cấp hàng loạt tính năng tự động ! Sử dụng WINDEV có thể giúp phát triển một sản phẩm phần mềm nhanh chóng, tiện lợi","CNTH, KSCQ, CN",
Object Landmark Detection,Vũ Đức Vượng,"Đề tài tập trung xây dựng các mô hình phát hiện điểm đặc biệt trên đối tượng, chẳng hạn landmarks trên mặt, các khớp trên cơ thể người, khớp bàn tay... nhằm mục đích ước lượng hình dáng và hướng của đối tượng. Một số bài báo liên quan: 1. Robust facial landmark tracking via cascade","ThSKH, KSCQ, KSTN, CTTT, KSCLC, HEDSPI",
Cải tiến các kiến trúc mạng hiện đại trong bài toán phát hiện đối tượng,Vũ Đức Vượng,"Bài toán phát hiện đối tượng là bài toán quan trọng trong thị giáy máy tính. Hiện tại có rất nhiều mô hình học sâu hiệu quả để giải quyết bài toán này. Đề tài tập trung vào việc kết hợp các điểm mạnh khác nhau của các mô hình này và đề xuất một mô hình tốt hơn để giải quyết bài toán phát hiện đối tượng. Một số hướng cải tiến: - Cải tiến hàm mục tiêu, chẳng hạn Focal loss hay các hàm liên quan tới disentangle learning. - Cải tiến Backbone - Cải tiến Feature Pyramid","ThSKH, KSCQ, KSTN, CTTT, KSCLC, HEDSPI",
Phân vùng ảnh y tế,Vũ Đức Vượng,Sử dụng các mạng Fully Convolutional Network kết hợp với các kiến trúc Feature Pyramid Network hiện đại để phát hiện và phân vùng bệnh trong các ảnh nội soi y tế. Một số tài liệu tham khảo: 1. U-Net: Mô hình rất nổi tiếng trong xử lý phân vùng ảnh ý tế https://arxiv.org/abs/1505.04597 2. Feature Pyramid: Trộn nhiều lần thông tin tại các level khác nhau trong mạng backbone để tăng cường độ chính xác. Ví dụ: PANet: https://arxiv.org/abs/1803.01534 EfficientDet: https://arxiv.org/abs/1911.09070 3. Double U-Net: https://bmvc2019.org/wp-content/uploads/papers/0870-paper.pdf Có thể đẩy thành UUU-Net? 4. Attention U-Net: https://arxiv.org/abs/1804.03999,"ThSKH, KSCQ, KSTN, CTTT, KSCLC, HEDSPI",
Phát hiện đối tượng và xác định vị trí cầm gắp cho cánh tay robot,Vũ Đức Vượng,"Phát hiện đối tượng trên băng chuyền (object detection), sau đó phát hiện hướng của đối tượng (pose estimation) và vị trí cầm gắp cho cánh tay robot (keypoint estimation) Tài liệu tham khảo: [S1] Yu J, Weng K, Liang G, et al. A vision-based robotic grasping system using deep learning for 3D object recognition and pose estimation. Robotics and Biomimetics (ROBIO), 2013 IEEE International Conference on; Shenzhen. 2013. p. 1175-1180. [S2] Lenz I, Lee H, Saxena A. Deep learning for detecting robotic grasps. Int J Robotics res. 2015;34(4-5):705-724. [S3] Redmon J, Angelova A. Real-time grasp detection using convolutional neural networks. 2015 IEEE International Conference on Robotics and Automation (ICRA); Seattle, WA. 2015. p. 1316-1322. [S4] Levine, S., Pastor, P., Krizhevsky, A., Ibarz, J., & Quillen, D. Learning hand- eye coordination for robotic grasping with deep learning and large-scale data collection. The International Journal of Robotics Research, 2018, 37(4-5), 421- 436.","ThSKH, KSCQ, KSTN, CTTT, KSCLC, HEDSPI",
Information Extraction,Vũ Đức Vượng,Tìm hiểu phương pháp trích xuất thông tin từ văn bản không qua OCR,"ThSKH, KSCQ, KSTN, CTTT, KSCLC, HEDSPI",
Semi-supervised learning for semantic segmentation,Vũ Đức Vượng,Nghiên cứu các kỹ thuật semi-supervised learning cho bài toán phân đoạn ảnh: - Cross-pseudo supervision - Contrastive learning Tài liệu tham khảo: 1. n-CPS: Generalising Cross Pseudo Supervision to n Networks for Semi-Supervised Semantic Segmentation: https://arxiv.org/pdf/2112.07528v3.pdf 2. Bootstrapping Semantic Segmentation with Regional Contrast: https://arxiv.org/abs/2104.04465 3. Exploring Cross-Image Pixel Contrast for Semantic Segmentation: https://arxiv.org/pdf/2101.11939.pdf,"ThSKH, KSCQ, KSTN, CTTT, KSCLC, HEDSPI",
Domain Adaptation,Vũ Đức Vượng,Ứng dụng các kỹ thuật domain adaptation cho phép huấn luyện mô hình trên dữ liệu nguồn những có khả năng tổng quát hoá trên dữ liệu đích. Một số kỹ thuật: - Style Transfer - Adversarial Learning - Self-Training,,
Ứng dụng phi tập trung (dApp),Đào Thành Chung,Xây dựng ứng dụng đi theo hướng phi tập trung (blockchain + web3) với các yêu cầu: 1. Không lưu trữ dữ liệu người dùng trên server 2. Login hệ thống thông qua ví,,
Cosmos Network and Cosmwasm-based dApps (Blockchain),Đào Thành Chung,,,
Xử lý và phân tích dữ liệu về tiền ảo và tài chính phi tập trung (DeFi),Đào Thành Chung,,,
Giải pháp ký số từ xa,Đào Thành Chung,"Hiện nay, các tài liệu đa phần đều cần được in ra và ký. Một số ít tài liệu quan trọng liên quan tới tài chính, kế toán sẽ được ký số để định danh người dùng và tăng tính bảo mật. Giải pháp chữ ký số bao gồm: (1) thiết bị phần cứng lưu cặp khoá - USB token và (2) phần mềm ký số. Để triển khai cho diện rộng người dùng trong một đơn vị, tổ chức sẽ là tốn kém do chi phí mua sắm thiết bị phần cứng. Đề tài hướng tới giải pháp chữ ký số từ xa (Remote signing) sử dụng ứng dụng web và di động, loại bỏ USB token để tiến hành việc ký. Giải pháp dự kiến triển khai nội bộ tại ĐHBK Hà Nội. Các thành phần của bộ giải pháp: PKI, web & mobile, services ký PDF/Word/Excel..",,
Hệ thống eOffice quản lý văn bản,Đào Thành Chung,"Xây dựng hệ thống cho phép quản lý văn bản đến, đi của một tổ chức như luồng chuyển giao văn bản, nhật ký xử lý văn bản, v.v. Hệ thống có sự kết nối với các hệ thống bên ngoài như ký số từ xa. Đề tài dành cho các bạn Project 2/3, GR hoặc làm ĐATN toàn thời gian",,
Nghiên cứu về công nghệ blockchain,Đỗ Bá Lâm,"Công nghệ blockchain được hứa hẹn là một trong công nghệ tạo ra nhiều thay đổi trong tương lai. Việc tìm hiểu, nghiên cứu về các thành phần cốt lõi trong công nghệ này là cần thiết. Ví dụ, các bài toán về tối ưu smart contract, liên thông/kết nối các mạng blockchain với nhau, mở rộng mạng... Sinh viên trước tiên sẽ được giới thiệu về một mạng blockchain như Sawtooth, Fabric, Ethereum, và các thành phần trong mạng này. Từ đó, đi vào một bài toán cụ thể. Đề tài hướng tới việc nghiên cứu và thử nghiệm. Đề tài dành cho các bạn đăng ký Project, GR để có khoảng 2 học kỳ thực hiện.","ThSKH, CNKT, KSCQ, KSTN, CTTT, CN, HEDSPI",
Các đề xuất của sinh viên,Đỗ Bá Lâm,,"CNKT, SIE, CNKH, Viet-Phap, CN",
Fi-Mi: Hệ thống di động quan trắc và dự đoán chất lượng không khí ứng dụng trí tuệ nhân tạo (fi-mi.vn),Đỗ Phan Thuận,"Hệ thống Fi-Mi được thiết kế để đánh giá, thử nghiệm hệ thống quan trắc và dự báo chất lượng không khí di động. Đây là một hệ thống quan trắc dựa trên các thiết bị nhỏ gọn đặt trên các xe buýt, và sử dụng trí tuệ nhân tạo dự báo chất lượng không khí trong tương lai, cũng như chất lượng không khí ở các vùng không được quan sát bởi thiết bị đo. Để tối ưu hoá hoạt động, kiến trúc Fi-Mi gồm ba tầng: tầng cảm biến, tầng thông tin, và tầng ứng dụng. Tầng cảm biến bao gồm các thiết bị quan trắc tự chế tạo chứa các mô-đun cảm biến chất lượng không khí.",,
"Phương pháp thuật toán, tổ hợp và đồ thị trên một số cấu trúc rời rạc",Đỗ Phan Thuận,"(Algorithmic methods for discrete structures and application on practical graph-based problems ) Đề tài nghiên cứu các vấn đề lý thuyết trên tổ hợp dãy số, hoán vị, các thuật toán hiệu quả trên các đối tượng tổ hợp, các tính chất và thuật toán trên các loại đồ thị đặc biệt. Từ đó ứng dụng vào các lĩnh vực khác nhau. Đề tài yêu cầu sinh viên tham gia có nhiều đam mê và có khả năng tư duy tốt về toán học và thuật toán. Đề tài cũng giúp cho các bạn sinh viên bổ sung kiến thức cho các cuộc thi Olympic tin học sinh viên và lập trình sinh viên quốc tế ICPC. Sinh viên tham gia sẽ được tiếp xúc và làm việc với các giáo sư uy tín cùng lĩnh vực trên thế giới, từ đó mở ra cơ hội cao đi du học nước ngoài khi tốt nghiệp.","ThSKH, CNKT, KSCQ, KSTN, CTTT, LATS, KSCLC, CN, ThSKT, HEDSPI",