pk_thesis_id,fk_teacher_id,degree,normalized_no_coresearchers_attribute,related_major,pk_teacher_id,normalized_degrees_point_attribute,normalized_age_attribute,normalized_no_researches_attribute,normalized_no_awards_attribute
1,1,,0.0,Khoa học Máy tính,1,0.5909090909090909,0.6097560975609756,0.5,0.5
2,1,"ThSKH, VB2, CNKT, KSCQ, SIE, KSTN, CTTT, LATS, KSCLC, CN, ThSKT, HEDSPI",0.0,Khoa học Máy tính,1,0.5909090909090909,0.6097560975609756,0.5,0.5
3,1,"ThSKH, VB2, CNKT, KSCQ, SIE, KSTN, CTTT, CNKH, Viet-Phap, LATS, KSCLC, CN, ThSKT, VLVH, HEDSPI",0.0,Truyền thông và Mạng máy tính,1,0.5909090909090909,0.6097560975609756,0.5,0.5
4,1,"ThSKH, VB2, CNKT, KSCQ, SIE, KSTN, CTTT, LATS, KSCLC, CN, ThSKT, HEDSPI",0.0,Khoa học Máy tính,1,0.5909090909090909,0.6097560975609756,0.5,0.5
5,1,,0.0,Khoa học Máy tính,1,0.5909090909090909,0.6097560975609756,0.5,0.5
6,1,"ThSKH, VB2, CNKT, KSCQ, SIE, KSTN, CTTT, LATS, KSCLC, CN, ThSKT, HEDSPI",0.0,Khoa học Máy tính,1,0.5909090909090909,0.6097560975609756,0.5,0.5
7,1,"ThSKH, VB2, CNKT, KSCQ, SIE, KSTN, CTTT, LATS, KSCLC, CN, ThSKT, HEDSPI",0.0,Khoa học Máy tính,1,0.5909090909090909,0.6097560975609756,0.5,0.5
284,1,"ThSKH, VB2, CNKT, KSCQ, SIE, KSTN, CTTT, LATS, KSCLC, CN, ThSKT, HEDSPI",0.0,Khoa học Máy tính,1,0.5909090909090909,0.6097560975609756,0.5,0.5
285,1,"ThSKH, CNKT, KSCQ, KSTN, CTTT, CNKH, Viet-Phap, LATS, KSCLC, CN, ThSKT, HEDSPI",0.0,Khoa học Máy tính,1,0.5909090909090909,0.6097560975609756,0.5,0.5
286,1,"ThSKH, VB2, CNKT, KSCQ, SIE, KSTN, CTTT, CNKH, Viet-Phap, LATS, KSCLC, CN, ThSKT, VLVH, HEDSPI",0.0,Khoa học Máy tính,1,0.5909090909090909,0.6097560975609756,0.5,0.5
8,2,"VB2, SIE, CTTT, CN, VLVH",0.0,Kỹ thuật Máy tính,2,0.5454545454545454,0.6585365853658537,0.9444444444444444,0.0
9,2,"VB2, KSCQ, SIE, CTTT, CN, HEDSPI",0.0,Công nghệ Phần mềm,2,0.5454545454545454,0.6585365853658537,0.9444444444444444,0.0
10,2,"VB2, CNKT, KSCQ, SIE, CTTT",0.0,Khoa học Máy tính,2,0.5454545454545454,0.6585365853658537,0.9444444444444444,0.0
11,2,"VB2, CNKT, KSCQ, SIE, CTTT, CN, ThSKT",0.0,Khoa học Máy tính,2,0.5454545454545454,0.6585365853658537,0.9444444444444444,0.0
12,2,"KSCQ, SIE, CTTT, CN, HEDSPI",0.0,Khoa học Máy tính,2,0.5454545454545454,0.6585365853658537,0.9444444444444444,0.0
13,3,"ThSKH, VB2, CNKT, KSCQ, SIE, KSTN, CTTT, LATS, KSCLC, CN, ThSKT, VLVH, HEDSPI",0.0,Khoa học Máy tính,3,0.5454545454545454,0.7073170731707317,0.5,0.25
14,3,"ThSKH, VB2, CNKT, KSCQ, SIE, KSTN, CTTT, LATS, KSCLC, CN, ThSKT, VLVH, HEDSPI",0.0,Kỹ thuật Máy tính,3,0.5454545454545454,0.7073170731707317,0.5,0.25
15,3,"ThSKH, VB2, CNKT, KSCQ, SIE, KSTN, CTTT, LATS, KSCLC, CN, ThSKT, VLVH, HEDSPI",0.0,Kỹ thuật Máy tính,3,0.5454545454545454,0.7073170731707317,0.5,0.25
16,3,"ThSKH, CNTH, IPE, VB2, CNKT, KSCQ, SIE, KSTN, CTTT, CNKH, Viet-Phap, LATS, KSCLC, CN, ThSKT, VLVH, HEDSPI",0.0,Khoa học Máy tính,3,0.5454545454545454,0.7073170731707317,0.5,0.25
17,3,"ThSKH, CNTH, IPE, VB2, CNKT, KSCQ, SIE, KSTN, CTTT, CNKH, Viet-Phap, LATS, KSCLC, CN, ThSKT, VLVH, HEDSPI",0.0,Khoa học Máy tính,3,0.5454545454545454,0.7073170731707317,0.5,0.25
18,3,"ThSKH, VB2, CNKT, KSCQ, SIE, KSTN, CTTT, LATS, KSCLC, CN, ThSKT, VLVH, HEDSPI",0.0,Kỹ thuật Máy tính,3,0.5454545454545454,0.7073170731707317,0.5,0.25
19,3,"ThSKH, VB2, CNKT, KSCQ, SIE, KSTN, CTTT, LATS, KSCLC, CN, ThSKT, VLVH, HEDSPI",0.0,Khoa học Máy tính,3,0.5454545454545454,0.7073170731707317,0.5,0.25
20,3,"ThSKH, VB2, CNKT, KSCQ, SIE, KSTN, CTTT, LATS, KSCLC, CN, ThSKT, VLVH, HEDSPI",0.0,Khoa học Máy tính,3,0.5454545454545454,0.7073170731707317,0.5,0.25
21,3,"TT, ĐATN, TTTN, ĐAMH",0.0,Khoa học Máy tính,3,0.5454545454545454,0.7073170731707317,0.5,0.25
22,3,"TT, ĐATN, TTTN, ĐAMH, SV NCKH",0.0,Khoa học Máy tính,3,0.5454545454545454,0.7073170731707317,0.5,0.25
23,3,"TT, ĐATN, TTTN, ĐAMH",0.0,Khoa học Máy tính,3,0.5454545454545454,0.7073170731707317,0.5,0.25
24,3,"TT, ĐATN, TTTN, ĐAMH, SV NCKH",0.0,Khoa học Máy tính,3,0.5454545454545454,0.7073170731707317,0.5,0.25
25,3,"ThSKH, VB2, CNKT, KSCQ, SIE, KSTN, CTTT, LATS, KSCLC, CN, ThSKT, VLVH, HEDSPI",0.0,Kỹ thuật Máy tính,3,0.5454545454545454,0.7073170731707317,0.5,0.25
26,4,"TT, ĐATN, TTTN, ĐAMH",0.0,Khoa học Máy tính,4,0.13636363636363635,0.7804878048780488,0.3611111111111111,0.0
27,4,"VB2, CNKT, KSCQ, SIE, KSTN, CTTT, CNKH, Viet-Phap, KSCLC, CN, HEDSPI",0.0,Khoa học Máy tính,4,0.13636363636363635,0.7804878048780488,0.3611111111111111,0.0
28,4,"VB2, CNKT, KSCQ, SIE, CTTT, KSCLC, CN, VLVH, HEDSPI",0.0,Khoa học Máy tính,4,0.13636363636363635,0.7804878048780488,0.3611111111111111,0.0
29,4,"CNTH, VB2, CNKT, KSCQ, SIE, KSTN, CTTT, CNKH, Viet-Phap, KSCLC, CN, VLVH, HEDSPI",0.0,Khoa học Máy tính,4,0.13636363636363635,0.7804878048780488,0.3611111111111111,0.0
30,4,"TT, ĐATN, TTTN, ĐAMH, SV NCKH",0.0,Khoa học Máy tính,4,0.13636363636363635,0.7804878048780488,0.3611111111111111,0.0
31,4,"ĐATN, TTTN, ĐAMH",0.0,Kỹ thuật Máy tính,4,0.13636363636363635,0.7804878048780488,0.3611111111111111,0.0
32,4,"TT, ĐATN, TTTN, ĐAMH",0.0,Khoa học Máy tính,4,0.13636363636363635,0.7804878048780488,0.3611111111111111,0.0
33,5,"TT, ĐATN, TTTN, ĐAMH, SV NCKH",0.0,Khoa học Máy tính,5,0.13636363636363635,0.8536585365853658,0.3055555555555556,0.125
34,5,"VB2, CNKT, KSCQ, SIE, KSTN, CTTT, CNKH, Viet-Phap, KSCLC, CN, HEDSPI",0.0,Khoa học Máy tính,5,0.13636363636363635,0.8536585365853658,0.3055555555555556,0.125
35,5,"TT, ĐATN, TTTN, ĐAMH",0.09090909090909091,Khoa học Máy tính,5,0.13636363636363635,0.8536585365853658,0.3055555555555556,0.125
36,5,,0.0,Khoa học Máy tính,5,0.13636363636363635,0.8536585365853658,0.3055555555555556,0.125
37,6,"ThSKH, KSCQ, KSTN, ThSKT",0.0,Khoa học Máy tính,6,0.5454545454545454,0.6585365853658537,0.4166666666666667,0.125
38,6,"CNKT, KSCQ, KSTN, CTTT, KSCLC, CN",0.0,Khoa học Máy tính,6,0.5454545454545454,0.6585365853658537,0.4166666666666667,0.125
39,6,"CNTH, CNKT, KSCQ, KSTN, CTTT, CNKH, CN, HEDSPI",0.09090909090909091,Khoa học Máy tính,6,0.5454545454545454,0.6585365853658537,0.4166666666666667,0.125
40,6,"CNTH, CNKT, KSCQ, KSTN, CTTT, CNKH, CN, HEDSPI",0.0,Khoa học Máy tính,6,0.5454545454545454,0.6585365853658537,0.4166666666666667,0.125
41,6,"CNTH, CNKT, KSCQ, KSTN, CTTT, CNKH, Viet-Phap, KSCLC, CN, HEDSPI",0.0,Kỹ thuật Máy tính,6,0.5454545454545454,0.6585365853658537,0.4166666666666667,0.125
42,6,"CNTH, CNKT, KSCQ, KSTN, CTTT, CNKH, Viet-Phap, KSCLC, CN, HEDSPI",0.0,Khoa học Máy tính,6,0.5454545454545454,0.6585365853658537,0.4166666666666667,0.125
43,6,"CNTH, CNKT, KSCQ, KSTN, CTTT, CNKH, Viet-Phap, KSCLC, CN, HEDSPI",0.0,Khoa học Máy tính,6,0.5454545454545454,0.6585365853658537,0.4166666666666667,0.125
44,6,"CNTH, CNKT, KSCQ, KSTN, CTTT, CNKH, Viet-Phap, KSCLC, CN, HEDSPI",0.0,Khoa học Máy tính,6,0.5454545454545454,0.6585365853658537,0.4166666666666667,0.125
45,6,"CNTH, CNKT, KSCQ, KSTN, CTTT, CNKH, Viet-Phap, KSCLC, CN, HEDSPI",0.0,Khoa học Máy tính,6,0.5454545454545454,0.6585365853658537,0.4166666666666667,0.125
46,6,"CNTH, CNKT, KSCQ, KSTN, CTTT, CNKH, Viet-Phap, KSCLC, CN, HEDSPI",0.0,Khoa học Máy tính,6,0.5454545454545454,0.6585365853658537,0.4166666666666667,0.125
47,6,"CNTH, CNKT, KSCQ, KSTN, CTTT, CNKH, Viet-Phap, KSCLC, CN, HEDSPI",0.0,Khoa học Máy tính,6,0.5454545454545454,0.6585365853658537,0.4166666666666667,0.125
48,6,"CNTH, CNKT, KSCQ, KSTN, CTTT, CNKH, Viet-Phap, KSCLC, CN, HEDSPI",0.0,Khoa học Máy tính,6,0.5454545454545454,0.6585365853658537,0.4166666666666667,0.125
49,6,"CNTH, CNKT, KSCQ, KSTN, CTTT, CNKH, Viet-Phap, KSCLC, CN, HEDSPI",0.0,Khoa học Máy tính,6,0.5454545454545454,0.6585365853658537,0.4166666666666667,0.125
50,6,"CNTH, CNKT, KSCQ, KSTN, CTTT, CNKH, Viet-Phap, KSCLC, CN, HEDSPI",0.0,Khoa học Máy tính,6,0.5454545454545454,0.6585365853658537,0.4166666666666667,0.125
51,7,"VB2, CNKT, KSCQ, SIE, KSTN, CTTT, KSCLC, CN, VLVH, HEDSPI",0.0,Khoa học Máy tính,7,0.5454545454545454,0.6585365853658537,0.6944444444444444,1.0
52,7,"VB2, CNKT, KSCQ, SIE, KSTN, CTTT, KSCLC, CN, VLVH, HEDSPI",0.0,Khoa học Máy tính,7,0.5454545454545454,0.6585365853658537,0.6944444444444444,1.0
53,7,"ThSKH, VB2, CNKT, KSCQ, SIE, KSTN, CTTT, LATS, KSCLC, CN, ThSKT, VLVH, HEDSPI",0.0,Khoa học Máy tính,7,0.5454545454545454,0.6585365853658537,0.6944444444444444,1.0
54,7,"ThSKH, VB2, CNKT, KSCQ, SIE, KSTN, CTTT, LATS, KSCLC, CN, ThSKT, VLVH, HEDSPI",0.0,Khoa học Máy tính,7,0.5454545454545454,0.6585365853658537,0.6944444444444444,1.0
55,8,"ThSKH, CNKT, KSCQ, KSTN, CTTT, LATS, KSCLC, HEDSPI",0.0,Khoa học Máy tính,8,0.5454545454545454,0.6829268292682927,0.4722222222222222,0.5
56,8,"ThSKH, CNKT, KSCQ, KSTN, CTTT, LATS, KSCLC, HEDSPI",0.0,Khoa học Máy tính,8,0.5454545454545454,0.6829268292682927,0.4722222222222222,0.5
57,8,"ThSKH, VB2, CNKT, KSCQ, SIE, KSTN, CTTT, LATS, KSCLC, CN, ThSKT, HEDSPI",0.0,Khoa học Máy tính,8,0.5454545454545454,0.6829268292682927,0.4722222222222222,0.5
58,8,"ThSKH, CNKT, KSCQ, KSTN, CTTT, LATS, KSCLC, HEDSPI",0.0,Khoa học Máy tính,8,0.5454545454545454,0.6829268292682927,0.4722222222222222,0.5
59,8,"ThSKH, CNKT, KSCQ, KSTN, CTTT, LATS, KSCLC, HEDSPI",0.0,Khoa học Máy tính,8,0.5454545454545454,0.6829268292682927,0.4722222222222222,0.5
60,8,"ThSKH, CNKT, KSCQ, KSTN, CTTT, LATS, KSCLC, HEDSPI",0.0,Khoa học Máy tính,8,0.5454545454545454,0.6829268292682927,0.4722222222222222,0.5
61,8,"ThSKH, CNKT, KSCQ, KSTN, CTTT, LATS, KSCLC, ThSKT, HEDSPI",0.0,Khoa học Máy tính,8,0.5454545454545454,0.6829268292682927,0.4722222222222222,0.5
62,8,"ThSKH, VB2, CNKT, KSCQ, KSTN, CTTT, LATS, KSCLC, ThSKT, HEDSPI",0.18181818181818182,Khoa học Máy tính,8,0.5454545454545454,0.6829268292682927,0.4722222222222222,0.5
63,9,,0.0,Khoa học Máy tính,9,0.5454545454545454,0.7804878048780488,0.3888888888888889,0.125
64,9,"ThSKH, VB2, CNKT, KSCQ, SIE, KSTN, CTTT, LATS, KSCLC, CN, ThSKT, VLVH, HEDSPI",0.0,Kỹ thuật Máy tính,9,0.5454545454545454,0.7804878048780488,0.3888888888888889,0.125
65,9,"TT, ĐATN, TTTN, ĐAMH",0.0,Khoa học Máy tính,9,0.5454545454545454,0.7804878048780488,0.3888888888888889,0.125
66,9,"TT, ĐATN, TTTN, ĐAMH",0.0,Khoa học Máy tính,9,0.5454545454545454,0.7804878048780488,0.3888888888888889,0.125
67,9,,0.0,Khoa học Máy tính,9,0.5454545454545454,0.7804878048780488,0.3888888888888889,0.125
68,9,": ThSKH, CNTH, CNKT, KSCQ, KSTN, CTTT, CNKH, Viet-Phap, KSCLC, CN, ThSKT, VLVH, HEDSPI",0.0,Khoa học Máy tính,9,0.5454545454545454,0.7804878048780488,0.3888888888888889,0.125
69,9,"TT, ĐATN, TTTN, ĐAMH, SV NCKH",0.0,Khoa học Máy tính,9,0.5454545454545454,0.7804878048780488,0.3888888888888889,0.125
70,9,"TT, ĐATN, TTTN, ĐAMH, SV NCKH",0.0,Khoa học Máy tính,9,0.5454545454545454,0.7804878048780488,0.3888888888888889,0.125
71,9,,0.0,Công nghệ Phần mềm,9,0.5454545454545454,0.7804878048780488,0.3888888888888889,0.125
72,10,"CNTH, CNKT, KSCQ, KSTN, CTTT, CNKH, Viet-Phap, KSCLC, CN",0.0,Khoa học Máy tính,10,0.5,0.6341463414634146,0.5277777777777778,0.0
73,10,"ThSKH, CNKT, KSCQ, SIE, KSTN, CTTT, LATS, KSCLC, CN, ThSKT, HEDSPI",0.0,Khoa học Máy tính,10,0.5,0.6341463414634146,0.5277777777777778,0.0
74,10,"ThSKH, CNKT, KSCQ, SIE, KSTN, CTTT, LATS, KSCLC, CN, ThSKT, HEDSPI",0.0,Khoa học Máy tính,10,0.5,0.6341463414634146,0.5277777777777778,0.0
75,10,"ThSKH, CNKT, KSCQ, SIE, KSTN, CTTT, LATS, KSCLC, CN, ThSKT, HEDSPI",0.0,Khoa học Máy tính,10,0.5,0.6341463414634146,0.5277777777777778,0.0
76,10,"ThSKH, CNKT, KSCQ, SIE, KSTN, CTTT, LATS, KSCLC, CN, ThSKT, HEDSPI",0.0,Khoa học Máy tính,10,0.5,0.6341463414634146,0.5277777777777778,0.0
77,11,"ThSKH, VB2, CNKT, KSCQ, SIE, KSTN, CTTT, CNKH, Viet-Phap, LATS, KSCLC, CN, ThSKT, VLVH, HEDSPI",0.0,Khoa học Máy tính,11,0.4090909090909091,0.24390243902439024,1.0,0.0
78,11,"ThSKH, CNKT, KSCQ, SIE, KSTN, CTTT, CNKH, Viet-Phap, KSCLC, CN, ThSKT, HEDSPI",0.0,Khoa học Máy tính,11,0.4090909090909091,0.24390243902439024,1.0,0.0
79,11,"ThSKH, VB2, CNKT, KSCQ, SIE, KSTN, CTTT, CNKH, Viet-Phap, LATS, KSCLC, CN, ThSKT, VLVH, HEDSPI",0.0,Khoa học Máy tính,11,0.4090909090909091,0.24390243902439024,1.0,0.0
80,11,"CNKT, KSCQ, SIE, KSTN, CTTT, CNKH, Viet-Phap, KSCLC, CN, HEDSPI",0.0,Hệ thống Thông tin,11,0.4090909090909091,0.24390243902439024,1.0,0.0
81,11,"ThSKH, VB2, CNKT, KSCQ, SIE, KSTN, CTTT, CNKH, Viet-Phap, LATS, KSCLC, CN, ThSKT, VLVH, HEDSPI",0.0,Khoa học Máy tính,11,0.4090909090909091,0.24390243902439024,1.0,0.0
82,11,"ThSKH, CNKT, KSCQ, KSTN, CTTT, CNKH, Viet-Phap, CN, ThSKT, HEDSPI",0.0,Hệ thống Thông tin,11,0.4090909090909091,0.24390243902439024,1.0,0.0
83,11,"ThSKH, VB2, CNKT, KSCQ, SIE, KSTN, CTTT, CNKH, Viet-Phap, LATS, KSCLC, CN, ThSKT, VLVH, HEDSPI",0.0,Truyền thông và Mạng máy tính,11,0.4090909090909091,0.24390243902439024,1.0,0.0
84,11,"ThSKH, CNKT, KSCQ, KSTN, CTTT, CNKH, LATS, KSCLC, ThSKT, HEDSPI",0.0,Khoa học Máy tính,11,0.4090909090909091,0.24390243902439024,1.0,0.0
85,11,"ThSKH, LATS, ThSKT",0.0,Khoa học Máy tính,11,0.4090909090909091,0.24390243902439024,1.0,0.0
86,11,"KSCQ, CTTT, ThSKT, HEDSPI",0.0,Khoa học Máy tính,11,0.4090909090909091,0.24390243902439024,1.0,0.0
87,11,"ThSKH, LATS, ThSKT",0.0,Khoa học Máy tính,11,0.4090909090909091,0.24390243902439024,1.0,0.0
88,11,"ThSKH, LATS, ThSKT",0.0,Khoa học Máy tính,11,0.4090909090909091,0.24390243902439024,1.0,0.0
89,11,KSCQ,0.0,Khoa học Máy tính,11,0.4090909090909091,0.24390243902439024,1.0,0.0
90,12,,0.0,Khoa học Máy tính,12,0.5454545454545454,0.8048780487804879,0.3611111111111111,0.25
91,12,,0.0,Khoa học Máy tính,12,0.5454545454545454,0.8048780487804879,0.3611111111111111,0.25
92,12,,0.0,Khoa học Máy tính,12,0.5454545454545454,0.8048780487804879,0.3611111111111111,0.25
93,12,,0.0,Khoa học Máy tính,12,0.5454545454545454,0.8048780487804879,0.3611111111111111,0.25
94,12,,0.0,Khoa học Máy tính,12,0.5454545454545454,0.8048780487804879,0.3611111111111111,0.25
95,12,,0.0,Khoa học Máy tính,12,0.5454545454545454,0.8048780487804879,0.3611111111111111,0.25
96,12,,0.0,Khoa học Máy tính,12,0.5454545454545454,0.8048780487804879,0.3611111111111111,0.25
97,12,,0.0,Khoa học Máy tính,12,0.5454545454545454,0.8048780487804879,0.3611111111111111,0.25
98,12,,0.0,Kỹ thuật Máy tính,12,0.5454545454545454,0.8048780487804879,0.3611111111111111,0.25
99,12,,0.0,Kỹ thuật Máy tính,12,0.5454545454545454,0.8048780487804879,0.3611111111111111,0.25
100,13,,0.0,Khoa học Máy tính,13,0.5454545454545454,0.8048780487804879,0.3611111111111111,0.5
101,13,,0.0,Kỹ thuật Máy tính,13,0.5454545454545454,0.8048780487804879,0.3611111111111111,0.5
102,13,,0.0,Khoa học Máy tính,13,0.5454545454545454,0.8048780487804879,0.3611111111111111,0.5
103,13,,0.09090909090909091,Khoa học Máy tính,13,0.5454545454545454,0.8048780487804879,0.3611111111111111,0.5
104,13,,0.0,Khoa học Máy tính,13,0.5454545454545454,0.8048780487804879,0.3611111111111111,0.5
105,13,,0.0,Khoa học Máy tính,13,0.5454545454545454,0.8048780487804879,0.3611111111111111,0.5
106,13,,0.0,Khoa học Máy tính,13,0.5454545454545454,0.8048780487804879,0.3611111111111111,0.5
107,13,,0.0,Khoa học Máy tính,13,0.5454545454545454,0.8048780487804879,0.3611111111111111,0.5
108,14,"ThSKH, VB2, CNKT, KSCQ, SIE, KSTN, CTTT, CNKH, LATS, KSCLC, CN, ThSKT, VLVH, HEDSPI",0.18181818181818182,Khoa học Máy tính,14,0.0,0.7804878048780488,0.4166666666666667,0.0
109,14,"ThSKH, VB2, CNKT, KSCQ, SIE, KSTN, CTTT, LATS, KSCLC, CN, ThSKT, VLVH, HEDSPI",0.0,Khoa học Máy tính,14,0.0,0.7804878048780488,0.4166666666666667,0.0
110,14,"ThSKH, VB2, CNKT, KSCQ, SIE, KSTN, CTTT, LATS, KSCLC, CN, ThSKT, VLVH, HEDSPI",0.0,Khoa học Máy tính,14,0.0,0.7804878048780488,0.4166666666666667,0.0
111,14,"ThSKH, VB2, CNKT, KSCQ, SIE, KSTN, CTTT, LATS, KSCLC, CN, ThSKT, VLVH, HEDSPI",0.18181818181818182,Khoa học Máy tính,14,0.0,0.7804878048780488,0.4166666666666667,0.0
112,14,"ThSKH, VB2, CNKT, KSCQ, SIE, KSTN, CTTT, CNKH, LATS, KSCLC, CN, ThSKT, VLVH, HEDSPI",0.0,Khoa học Máy tính,14,0.0,0.7804878048780488,0.4166666666666667,0.0
113,14,"ThSKH, VB2, CNKT, KSCQ, SIE, KSTN, CTTT, CNKH, LATS, KSCLC, CN, ThSKT, VLVH, HEDSPI",0.0,Khoa học Máy tính,14,0.0,0.7804878048780488,0.4166666666666667,0.0
114,14,"ThSKH, CNTH, IPE, VB2, CNKT, KSCQ, SIE, KSTN, CTTT, CNKH, Viet-Phap, LATS, KSCLC, CN, ThSKT, VLVH, HEDSPI",0.0,Khoa học Máy tính,14,0.0,0.7804878048780488,0.4166666666666667,0.0
115,14,"ThSKH, CNTH, IPE, VB2, CNKT, KSCQ, SIE, KSTN, CTTT, CNKH, Viet-Phap, LATS, KSCLC, CN, ThSKT, VLVH, HEDSPI",0.0,Khoa học Máy tính,14,0.0,0.7804878048780488,0.4166666666666667,0.0
116,14,"ThSKH, VB2, CNKT, KSCQ, SIE, KSTN, CTTT, LATS, KSCLC, CN, ThSKT, VLVH, HEDSPI",0.0,Khoa học Máy tính,14,0.0,0.7804878048780488,0.4166666666666667,0.0
117,15,"ThSKH, CNKT, KSCQ, KSTN, CTTT, CNKH, Viet-Phap, KSCLC, CN, ThSKT, HEDSPI",0.0,Khoa học Máy tính,15,0.5454545454545454,0.5121951219512195,0.6111111111111112,0.0
118,15,"ThSKH, VB2, CNKT, KSCQ, SIE, KSTN, CTTT, CNKH, Viet-Phap, LATS, KSCLC, CN, ThSKT, VLVH, HEDSPI",0.0,Khoa học Máy tính,15,0.5454545454545454,0.5121951219512195,0.6111111111111112,0.0
119,15,"ThSKH, VB2, CNKT, KSCQ, SIE, KSTN, CTTT, CNKH, Viet-Phap, LATS, KSCLC, CN, ThSKT, VLVH, HEDSPI",0.0,Khoa học Máy tính,15,0.5454545454545454,0.5121951219512195,0.6111111111111112,0.0
120,15,"ThSKH, VB2, CNKT, KSCQ, SIE, KSTN, CTTT, CNKH, Viet-Phap, LATS, KSCLC, CN, ThSKT, VLVH, HEDSPI",0.0,Khoa học Máy tính,15,0.5454545454545454,0.5121951219512195,0.6111111111111112,0.0
121,15,"ThSKH, VB2, CNKT, KSCQ, SIE, KSTN, CTTT, CNKH, Viet-Phap, LATS, KSCLC, CN, ThSKT, VLVH, HEDSPI",0.09090909090909091,Khoa học Máy tính,15,0.5454545454545454,0.5121951219512195,0.6111111111111112,0.0
122,15,"ThSKH, VB2, CNKT, KSCQ, SIE, KSTN, CTTT, CNKH, Viet-Phap, LATS, KSCLC, CN, ThSKT, VLVH, HEDSPI",0.0,Hệ thống Thông tin,15,0.5454545454545454,0.5121951219512195,0.6111111111111112,0.0
123,16,,0.0,Kỹ thuật Máy tính,16,0.13636363636363635,0.24390243902439024,1.0,0.0
124,16,,0.09090909090909091,Khoa học Máy tính,16,0.13636363636363635,0.24390243902439024,1.0,0.0
125,16,,0.0,Khoa học Máy tính,16,0.13636363636363635,0.24390243902439024,1.0,0.0
126,16,"CNKT, KSCQ, KSTN, CTTT, KSCLC",0.0,Khoa học Máy tính,16,0.13636363636363635,0.24390243902439024,1.0,0.0
127,16,,0.18181818181818182,Kỹ thuật Máy tính,16,0.13636363636363635,0.24390243902439024,1.0,0.0
128,16,"CNTH, CNKT, KSCQ, SIE, VLVH",0.0,Khoa học Máy tính,16,0.13636363636363635,0.24390243902439024,1.0,0.0
129,16,"CNTH, CNKT, KSCQ, SIE, VLVH",0.0,Khoa học Máy tính,16,0.13636363636363635,0.24390243902439024,1.0,0.0
130,16,"CNTH, KSCQ, CN",0.0,Khoa học Máy tính,16,0.13636363636363635,0.24390243902439024,1.0,0.0
131,16,"ThSKH, KSCQ, KSTN, CTTT, KSCLC, HEDSPI",0.0,Khoa học Máy tính,16,0.13636363636363635,0.24390243902439024,1.0,0.0
132,16,"ThSKH, KSCQ, KSTN, CTTT, KSCLC, HEDSPI",0.0,Khoa học Máy tính,16,0.13636363636363635,0.24390243902439024,1.0,0.0
133,16,"ThSKH, KSCQ, KSTN, CTTT, KSCLC, HEDSPI",0.0,Truyền thông và Mạng máy tính,16,0.13636363636363635,0.24390243902439024,1.0,0.0
134,16,"ThSKH, KSCQ, KSTN, CTTT, KSCLC, HEDSPI",0.0,Khoa học Máy tính,16,0.13636363636363635,0.24390243902439024,1.0,0.0
135,16,"ThSKH, KSCQ, KSTN, CTTT, KSCLC, HEDSPI",0.0,Khoa học Máy tính,16,0.13636363636363635,0.24390243902439024,1.0,0.0
136,16,"ThSKH, KSCQ, KSTN, CTTT, KSCLC, HEDSPI",0.0,Khoa học Máy tính,16,0.13636363636363635,0.24390243902439024,1.0,0.0
137,16,,0.0,Khoa học Máy tính,16,0.13636363636363635,0.24390243902439024,1.0,0.0
138,17,,0.0,Khoa học Máy tính,17,0.5454545454545454,0.8536585365853658,0.3055555555555556,0.375
139,17,,0.0,Khoa học Máy tính,17,0.5454545454545454,0.8536585365853658,0.3055555555555556,0.375
140,17,,0.0,Khoa học Máy tính,17,0.5454545454545454,0.8536585365853658,0.3055555555555556,0.375
141,17,,0.0,Khoa học Máy tính,17,0.5454545454545454,0.8536585365853658,0.3055555555555556,0.375
142,17,,0.0,Kỹ thuật Máy tính,17,0.5454545454545454,0.8536585365853658,0.3055555555555556,0.375
143,18,"ThSKH, CNKT, KSCQ, KSTN, CTTT, CN, HEDSPI",0.0,Khoa học Máy tính,18,0.5454545454545454,0.7804878048780488,0.3055555555555556,0.375
144,18,"CNKT, SIE, CNKH, Viet-Phap, CN",0.0,Khoa học Máy tính,18,0.5454545454545454,0.7804878048780488,0.3055555555555556,0.375
145,19,,0.0,Khoa học Máy tính,19,0.5454545454545454,0.5365853658536586,0.4722222222222222,0.375
146,19,"ThSKH, CNKT, KSCQ, KSTN, CTTT, LATS, KSCLC, CN, ThSKT, HEDSPI",0.0,Khoa học Máy tính,19,0.5454545454545454,0.5365853658536586,0.4722222222222222,0.375
147,20,"ThSKH, VB2, CNKT, KSCQ, SIE, KSTN, CTTT, LATS, KSCLC, CN, ThSKT, VLVH, HEDSPI",0.0,Khoa học Máy tính,20,0.5454545454545454,0.7317073170731707,0.4722222222222222,0.125
148,20,"ThSKH, VB2, CNKT, KSCQ, SIE, KSTN, CTTT, LATS, KSCLC, CN, ThSKT, VLVH, HEDSPI",0.0,Khoa học Máy tính,20,0.5454545454545454,0.7317073170731707,0.4722222222222222,0.125
149,20,"ThSKH, VB2, CNKT, KSCQ, SIE, KSTN, CTTT, LATS, KSCLC, CN, ThSKT, VLVH, HEDSPI",0.0,Khoa học Máy tính,20,0.5454545454545454,0.7317073170731707,0.4722222222222222,0.125
150,20,"ThSKH, VB2, CNKT, KSCQ, SIE, KSTN, CTTT, LATS, KSCLC, CN, ThSKT, VLVH, HEDSPI",0.0,Khoa học Máy tính,20,0.5454545454545454,0.7317073170731707,0.4722222222222222,0.125
151,20,"ThSKH, VB2, CNKT, KSCQ, SIE, KSTN, CTTT, LATS, KSCLC, CN, ThSKT, VLVH, HEDSPI",0.0,Khoa học Máy tính,20,0.5454545454545454,0.7317073170731707,0.4722222222222222,0.125
152,20,"ThSKH, VB2, CNKT, KSCQ, SIE, KSTN, CTTT, LATS, KSCLC, CN, ThSKT, VLVH, HEDSPI",0.0,Khoa học Máy tính,20,0.5454545454545454,0.7317073170731707,0.4722222222222222,0.125
153,21,"ThSKH, KSCQ, SIE, KSTN, CTTT, CNKH, Viet-Phap, KSCLC, CN, HEDSPI",0.0,Khoa học Máy tính,21,0.5454545454545454,0.7560975609756098,0.1111111111111111,0.0
154,21,"ThSKH, CNKT, KSCQ, SIE, KSTN, CTTT, CNKH, LATS, KSCLC, CN, HEDSPI",0.0,Khoa học Máy tính,21,0.5454545454545454,0.7560975609756098,0.1111111111111111,0.0
155,21,"ThSKH, CNKT, KSCQ, SIE, KSTN, CTTT, CNKH, LATS, KSCLC, CN, ThSKT, HEDSPI",0.0,Khoa học Máy tính,21,0.5454545454545454,0.7560975609756098,0.1111111111111111,0.0
156,21,"CNKT, KSCQ, SIE, KSTN, CTTT, CNKH, Viet-Phap, KSCLC, CN, HEDSPI",0.0,Khoa học Máy tính,21,0.5454545454545454,0.7560975609756098,0.1111111111111111,0.0
157,21,"KSCQ, SIE, KSTN, CTTT, CNKH, Viet-Phap, KSCLC, CN, HEDSPI",0.0,Khoa học Máy tính,21,0.5454545454545454,0.7560975609756098,0.1111111111111111,0.0
158,22,"CNKT, KSCQ, SIE, KSTN, CTTT, Viet-Phap, KSCLC, CN, HEDSPI",0.0,Khoa học Máy tính,22,0.5454545454545454,0.5609756097560976,0.1388888888888889,0.0
159,22,"ThSKH, VB2, CNKT, KSCQ, SIE, KSTN, CTTT, LATS, KSCLC, CN, ThSKT, VLVH, HEDSPI",0.18181818181818182,Khoa học Máy tính,22,0.5454545454545454,0.5609756097560976,0.1388888888888889,0.0
160,22,"CNTH, CNKT, KSCQ, KSTN, CTTT, CNKH, Viet-Phap, KSCLC, HEDSPI",0.0,Khoa học Máy tính,22,0.5454545454545454,0.5609756097560976,0.1388888888888889,0.0
161,22,"ThSKH, CNTH, CNKT, KSCQ, KSTN, CTTT, CNKH, Viet-Phap, KSCLC, HEDSPI",0.0,Khoa học Máy tính,22,0.5454545454545454,0.5609756097560976,0.1388888888888889,0.0
162,22,"ThSKH, CNKT, KSCQ, SIE, KSTN, CTTT, KSCLC, CN, ThSKT, HEDSPI",0.09090909090909091,Khoa học Máy tính,22,0.5454545454545454,0.5609756097560976,0.1388888888888889,0.0
163,22,"ThSKH, VB2, CNKT, KSCQ, SIE, KSTN, CTTT, LATS, KSCLC, CN, ThSKT, VLVH, HEDSPI",0.0,Khoa học Máy tính,22,0.5454545454545454,0.5609756097560976,0.1388888888888889,0.0
164,22,"ThSKH, VB2, CNKT, KSCQ, SIE, KSTN, CTTT, LATS, KSCLC, CN, ThSKT, VLVH, HEDSPI",0.0,Khoa học Máy tính,22,0.5454545454545454,0.5609756097560976,0.1388888888888889,0.0
165,22,"ThSKH, CNKT, KSCQ, SIE, KSTN, CTTT, KSCLC, HEDSPI",0.0,Khoa học Máy tính,22,0.5454545454545454,0.5609756097560976,0.1388888888888889,0.0
166,22,"KSCQ, KSTN, KSCLC, HEDSPI",0.0,Khoa học Máy tính,22,0.5454545454545454,0.5609756097560976,0.1388888888888889,0.0
167,22,"KSCQ, KSTN, CTTT, CNKH, Viet-Phap, HEDSPI",0.0,Khoa học Máy tính,22,0.5454545454545454,0.5609756097560976,0.1388888888888889,0.0
168,22,"ThSKH, VB2, CNKT, KSCQ, SIE, KSTN, CTTT, LATS, KSCLC, CN, ThSKT, VLVH, HEDSPI",0.18181818181818182,Khoa học Máy tính,22,0.5454545454545454,0.5609756097560976,0.1388888888888889,0.0
169,22,"CNKT, KSCQ, SIE, CTTT, KSCLC, CN, HEDSPI",0.0,Khoa học Máy tính,22,0.5454545454545454,0.5609756097560976,0.1388888888888889,0.0
170,22,"KSTN, CTTT, KSCLC, HEDSPI",0.0,Khoa học Máy tính,22,0.5454545454545454,0.5609756097560976,0.1388888888888889,0.0
171,22,"ThSKH, CNKT, KSCQ, KSTN, CTTT, KSCLC, CN, ThSKT, HEDSPI",0.0,Khoa học Máy tính,22,0.5454545454545454,0.5609756097560976,0.1388888888888889,0.0
172,22,"VB2, CNKT, KSCQ, KSTN, CTTT, KSCLC, CN, ThSKT, HEDSPI",0.09090909090909091,Khoa học Máy tính,22,0.5454545454545454,0.5609756097560976,0.1388888888888889,0.0
173,22,"CTTT, HEDSPI",0.0,Khoa học Máy tính,22,0.5454545454545454,0.5609756097560976,0.1388888888888889,0.0
174,22,"CNKT, KSCQ, KSTN, CTTT, HEDSPI",0.0,Khoa học Máy tính,22,0.5454545454545454,0.5609756097560976,0.1388888888888889,0.0
175,22,"CNKT, KSCQ, CN, HEDSPI",0.2727272727272727,Khoa học Máy tính,22,0.5454545454545454,0.5609756097560976,0.1388888888888889,0.0
176,22,"KSCQ, KSTN, CTTT, HEDSPI",0.0,Kỹ thuật Máy tính,22,0.5454545454545454,0.5609756097560976,0.1388888888888889,0.0
177,22,"ThSKH, CNKT, KSCQ, KSTN, CTTT, KSCLC, ThSKT, HEDSPI",0.0,Khoa học Máy tính,22,0.5454545454545454,0.5609756097560976,0.1388888888888889,0.0
178,23,"VB2, CNKT, KSCQ, SIE, CTTT, CN, VLVH, HEDSPI",0.09090909090909091,Khoa học Máy tính,23,0.5454545454545454,0.34146341463414637,0.25,0.125
179,23,"VB2, CNKT, KSCQ, SIE, CTTT, CN, VLVH, HEDSPI",0.0,Khoa học Máy tính,23,0.5454545454545454,0.34146341463414637,0.25,0.125
180,23,"VB2, CNKT, KSCQ, SIE, KSTN, CTTT, KSCLC, CN, HEDSPI",0.0,Công nghệ Phần mềm,23,0.5454545454545454,0.34146341463414637,0.25,0.125
181,23,"ThSKH, CNKT, KSCQ, KSTN, CTTT, KSCLC, ThSKT, HEDSPI",0.0,Khoa học Máy tính,23,0.5454545454545454,0.34146341463414637,0.25,0.125
182,23,"ThSKH, CNKT, KSCQ, KSTN, CTTT, ThSKT, HEDSPI",0.0,Khoa học Máy tính,23,0.5454545454545454,0.34146341463414637,0.25,0.125
183,24,"ThSKH, KSCQ, KSTN, CTTT, Viet-Phap, LATS, KSCLC, HEDSPI",0.0,Khoa học Máy tính,24,0.5454545454545454,0.5121951219512195,0.2777777777777778,0.75
184,24,"ThSKH, CNTH, CNKT, KSCQ, SIE, KSTN, CTTT, CNKH, Viet-Phap, LATS, KSCLC, CN, ThSKT, HEDSPI",0.0,Khoa học Máy tính,24,0.5454545454545454,0.5121951219512195,0.2777777777777778,0.75
185,24,"ThSKH, KSCQ, KSTN, CTTT, CNKH, CN, HEDSPI",0.0,Truyền thông và Mạng máy tính,24,0.5454545454545454,0.5121951219512195,0.2777777777777778,0.75
186,24,"ThSKH, CNKT, KSCQ, SIE, KSTN, CTTT, LATS, KSCLC, CN, ThSKT, HEDSPI",0.0,Khoa học Máy tính,24,0.5454545454545454,0.5121951219512195,0.2777777777777778,0.75
187,24,"ThSKH, KSCQ, KSTN, CTTT, LATS, KSCLC, HEDSPI",0.0,Công nghệ Phần mềm,24,0.5454545454545454,0.5121951219512195,0.2777777777777778,0.75
188,24,"ThSKH, CNKT, KSCQ, SIE, KSTN, CTTT, LATS, KSCLC, CN, ThSKT, HEDSPI",0.0,Khoa học Máy tính,24,0.5454545454545454,0.5121951219512195,0.2777777777777778,0.75
189,24,"ThSKH, CNKT, KSCQ, SIE, KSTN, CTTT, LATS, KSCLC, CN, ThSKT, HEDSPI",0.0,Truyền thông và Mạng máy tính,24,0.5454545454545454,0.5121951219512195,0.2777777777777778,0.75
190,24,"ThSKH, CNKT, KSCQ, SIE, KSTN, CTTT, LATS, KSCLC, CN, ThSKT, HEDSPI",0.0,Khoa học Máy tính,24,0.5454545454545454,0.5121951219512195,0.2777777777777778,0.75
191,24,"ThSKH, CNKT, KSCQ, SIE, KSTN, CTTT, KSCLC, CN, ThSKT",0.0,Truyền thông và Mạng máy tính,24,0.5454545454545454,0.5121951219512195,0.2777777777777778,0.75
192,24,"ThSKH, CNKT, KSCQ, SIE, KSTN, CTTT, LATS, KSCLC, CN, ThSKT, HEDSPI",0.18181818181818182,Khoa học Máy tính,24,0.5454545454545454,0.5121951219512195,0.2777777777777778,0.75
193,25,"ThSKH, VB2, CNKT, KSCQ, SIE, KSTN, CTTT, CNKH, Viet-Phap, LATS, KSCLC, CN, ThSKT, VLVH, HEDSPI",0.0,Khoa học Máy tính,25,0.5454545454545454,0.5121951219512195,0.2777777777777778,0.125
194,25,"ThSKH, VB2, CNKT, KSCQ, SIE, KSTN, CTTT, LATS, KSCLC, CN, ThSKT, VLVH, HEDSPI",0.18181818181818182,Kỹ thuật Máy tính,25,0.5454545454545454,0.5121951219512195,0.2777777777777778,0.125
195,25,"ThSKH, VB2, CNKT, KSCQ, SIE, KSTN, CTTT, CNKH, Viet-Phap, LATS, KSCLC, CN, ThSKT, VLVH, HEDSPI",0.2727272727272727,Khoa học Máy tính,25,0.5454545454545454,0.5121951219512195,0.2777777777777778,0.125
196,25,"ThSKH, VB2, CNKT, KSCQ, SIE, KSTN, CTTT, CNKH, Viet-Phap, LATS, KSCLC, CN, ThSKT, VLVH, HEDSPI",0.0,Khoa học Máy tính,25,0.5454545454545454,0.5121951219512195,0.2777777777777778,0.125
197,25,"ThSKH, VB2, CNKT, KSCQ, SIE, KSTN, CTTT, CNKH, Viet-Phap, LATS, KSCLC, CN, ThSKT, VLVH, HEDSPI",0.18181818181818182,Khoa học Máy tính,25,0.5454545454545454,0.5121951219512195,0.2777777777777778,0.125
198,25,"ThSKH, VB2, CNKT, KSCQ, SIE, KSTN, CTTT, CNKH, Viet-Phap, LATS, KSCLC, CN, ThSKT, VLVH, HEDSPI",0.0,Khoa học Máy tính,25,0.5454545454545454,0.5121951219512195,0.2777777777777778,0.125
199,25,"ThSKH, VB2, CNKT, KSCQ, SIE, KSTN, CTTT, CNKH, Viet-Phap, LATS, KSCLC, CN, ThSKT, VLVH, HEDSPI",0.0,Khoa học Máy tính,25,0.5454545454545454,0.5121951219512195,0.2777777777777778,0.125
200,26,"ThSKH, KSCQ, KSTN, CTTT, CNKH, CN, HEDSPI",0.0,Khoa học Máy tính,26,0.09090909090909091,0.43902439024390244,0.08333333333333333,0.0
201,26,"ThSKH, KSCQ, KSTN, CTTT, CNKH, CN, HEDSPI",0.0,Khoa học Máy tính,26,0.09090909090909091,0.43902439024390244,0.08333333333333333,0.0
202,26,"ThSKH, CNKT, KSCQ, SIE, KSTN, CTTT, LATS, KSCLC, CN, ThSKT, HEDSPI",0.0,Khoa học Máy tính,26,0.09090909090909091,0.43902439024390244,0.08333333333333333,0.0
203,26,"ThSKH, KSCQ, KSTN, CTTT, CNKH, CN, HEDSPI",0.0,Công nghệ Phần mềm,26,0.09090909090909091,0.43902439024390244,0.08333333333333333,0.0
204,26,"ThSKH, VB2, CNKT, KSCQ, SIE, KSTN, CTTT, CNKH, Viet-Phap, LATS, KSCLC, CN, ThSKT, VLVH, HEDSPI",0.0,Khoa học Máy tính,26,0.09090909090909091,0.43902439024390244,0.08333333333333333,0.0
205,26,"ThSKH, CNKT, KSCQ, SIE, KSTN, CTTT, LATS, KSCLC, CN, ThSKT, HEDSPI",0.0,Khoa học Máy tính,26,0.09090909090909091,0.43902439024390244,0.08333333333333333,0.0
206,26,"ThSKH, CNKT, KSCQ, SIE, KSTN, CTTT, LATS, KSCLC, CN, ThSKT, HEDSPI",0.0,Khoa học Máy tính,26,0.09090909090909091,0.43902439024390244,0.08333333333333333,0.0
207,26,"ThSKH, KSCQ, KSTN, CTTT, CNKH, CN, HEDSPI",0.0,Khoa học Máy tính,26,0.09090909090909091,0.43902439024390244,0.08333333333333333,0.0
208,26,"ThSKH, VB2, CNKT, KSCQ, SIE, KSTN, CTTT, CNKH, Viet-Phap, LATS, KSCLC, CN, ThSKT, VLVH, HEDSPI",0.18181818181818182,Khoa học Máy tính,26,0.09090909090909091,0.43902439024390244,0.08333333333333333,0.0
209,26,"ThSKH, CNKT, KSCQ, SIE, KSTN, CTTT, LATS, KSCLC, CN, ThSKT, HEDSPI",0.18181818181818182,Khoa học Máy tính,26,0.09090909090909091,0.43902439024390244,0.08333333333333333,0.0
210,26,"ThSKH, KSCQ, KSTN, CTTT, CNKH, CN, HEDSPI",0.09090909090909091,Khoa học Máy tính,26,0.09090909090909091,0.43902439024390244,0.08333333333333333,0.0
211,26,"ThSKH, CNKT, KSCQ, SIE, KSTN, CTTT, LATS, KSCLC, CN, ThSKT, HEDSPI",0.09090909090909091,Khoa học Máy tính,26,0.09090909090909091,0.43902439024390244,0.08333333333333333,0.0
212,26,"ThSKH, KSCQ, KSTN, CTTT, CNKH, CN, HEDSPI",0.0,Khoa học Máy tính,26,0.09090909090909091,0.43902439024390244,0.08333333333333333,0.0
213,26,"ThSKH, KSCQ, KSTN, CTTT, CNKH, CN, HEDSPI",0.0,Kỹ thuật Máy tính,26,0.09090909090909091,0.43902439024390244,0.08333333333333333,0.0
214,26,"ThSKH, CNKT, KSCQ, SIE, KSTN, CTTT, LATS, KSCLC, CN, ThSKT, HEDSPI",0.09090909090909091,Khoa học Máy tính,26,0.09090909090909091,0.43902439024390244,0.08333333333333333,0.0
215,26,"ThSKH, KSCQ, KSTN, CTTT, CNKH, CN, HEDSPI",0.0,Khoa học Máy tính,26,0.09090909090909091,0.43902439024390244,0.08333333333333333,0.0
216,26,"ThSKH, KSCQ, KSTN, CTTT, CNKH, CN, HEDSPI",1.0,Khoa học Máy tính,26,0.09090909090909091,0.43902439024390244,0.08333333333333333,0.0
217,26,"ThSKH, CNKT, KSCQ, SIE, KSTN, CTTT, LATS, KSCLC, CN, ThSKT, HEDSPI",0.09090909090909091,Khoa học Máy tính,26,0.09090909090909091,0.43902439024390244,0.08333333333333333,0.0
218,26,"ThSKH, KSCQ, KSTN, CTTT, CNKH, CN, HEDSPI",0.09090909090909091,Khoa học Máy tính,26,0.09090909090909091,0.43902439024390244,0.08333333333333333,0.0
219,26,"ThSKH, VB2, CNKT, KSCQ, SIE, KSTN, CTTT, CNKH, Viet-Phap, LATS, KSCLC, CN, ThSKT, VLVH, HEDSPI",0.09090909090909091,Khoa học Máy tính,26,0.09090909090909091,0.43902439024390244,0.08333333333333333,0.0
220,27,"ThSKH, VB2, CNKT, KSCQ, SIE, KSTN, CTTT, CNKH, Viet-Phap, LATS, KSCLC, CN, ThSKT, VLVH, HEDSPI",0.0,Kỹ thuật Máy tính,27,0.13636363636363635,0.36585365853658536,0.0,0.0
221,27,"ThSKH, KSCQ, KSTN, CTTT, CNKH, CN, HEDSPI",0.09090909090909091,Khoa học Máy tính,27,0.13636363636363635,0.36585365853658536,0.0,0.0
222,28,"ThSKH, KSCQ, KSTN, CTTT, ThSKT, HEDSPI",0.0,Truyền thông và Mạng máy tính,28,0.5,0.24390243902439024,0.2777777777777778,0.25
223,28,"KSCQ, KSTN, CTTT, Viet-Phap",0.0,Khoa học Máy tính,28,0.5,0.24390243902439024,0.2777777777777778,0.25
224,29,"ThSKH, KSCQ, KSTN, CTTT, LATS, KSCLC, ThSKT, HEDSPI",0.0,Khoa học Máy tính,29,1.0,0.6341463414634146,0.2777777777777778,0.375
225,29,"ThSKH, KSCQ, KSTN, CTTT, Viet-Phap, LATS, KSCLC, ThSKT, HEDSPI",0.0,Khoa học Máy tính,29,1.0,0.6341463414634146,0.2777777777777778,0.375
226,30,"ThSKH, CNKT, KSCQ, KSTN, CTTT, CNKH, Viet-Phap, KSCLC, CN, ThSKT, HEDSPI",0.0,Khoa học Máy tính,30,0.4090909090909091,0.7804878048780488,0.2777777777777778,0.0
227,30,"ThSKH, VB2, CNKT, KSCQ, SIE, KSTN, CTTT, LATS, KSCLC, CN, ThSKT, VLVH, HEDSPI",0.0,Khoa học Máy tính,30,0.4090909090909091,0.7804878048780488,0.2777777777777778,0.0
228,30,"ThSKH, VB2, CNKT, KSCQ, SIE, KSTN, CTTT, LATS, KSCLC, CN, ThSKT, VLVH, HEDSPI",0.09090909090909091,Khoa học Máy tính,30,0.4090909090909091,0.7804878048780488,0.2777777777777778,0.0
229,30,"ThSKH, VB2, CNKT, KSCQ, SIE, KSTN, CTTT, CNKH, LATS, KSCLC, CN, ThSKT, VLVH, HEDSPI",0.0,Khoa học Máy tính,30,0.4090909090909091,0.7804878048780488,0.2777777777777778,0.0
230,30,"ThSKH, VB2, CNKT, KSCQ, SIE, KSTN, CTTT, CNKH, LATS, KSCLC, CN, ThSKT, VLVH, HEDSPI",0.0,Khoa học Máy tính,30,0.4090909090909091,0.7804878048780488,0.2777777777777778,0.0
231,30,"ThSKH, VB2, CNKT, KSCQ, SIE, KSTN, CTTT, LATS, KSCLC, CN, ThSKT, VLVH, HEDSPI",0.0,Khoa học Máy tính,30,0.4090909090909091,0.7804878048780488,0.2777777777777778,0.0
232,30,"ThSKH, VB2, CNKT, KSCQ, SIE, KSTN, CTTT, LATS, KSCLC, CN, ThSKT, VLVH, HEDSPI",0.0,Khoa học Máy tính,30,0.4090909090909091,0.7804878048780488,0.2777777777777778,0.0
233,30,"ThSKH, VB2, CNKT, KSCQ, SIE, KSTN, CTTT, LATS, KSCLC, CN, ThSKT, VLVH, HEDSPI",0.0,Khoa học Máy tính,30,0.4090909090909091,0.7804878048780488,0.2777777777777778,0.0
234,31,"VB2, CNKT, KSCQ, SIE, KSTN, CTTT, KSCLC, CN, VLVH, HEDSPI",0.0,Hệ thống Thông tin,31,0.13636363636363635,0.7317073170731707,0.0,0.25
235,31,"VB2, CNKT, KSCQ, SIE, KSTN, CTTT, KSCLC, CN, VLVH, HEDSPI",0.0,Khoa học Máy tính,31,0.13636363636363635,0.7317073170731707,0.0,0.25
236,31,"VB2, CNKT, KSCQ, SIE, KSTN, CTTT, KSCLC, CN, VLVH, HEDSPI",0.09090909090909091,Khoa học Máy tính,31,0.13636363636363635,0.7317073170731707,0.0,0.25
237,32,ThSKT,0.0,Khoa học Máy tính,32,0.5454545454545454,0.4878048780487805,0.2777777777777778,0.0
238,32,"ThSKH, KSCQ, KSTN, CTTT, ThSKT, HEDSPI",0.0,Khoa học Máy tính,32,0.5454545454545454,0.4878048780487805,0.2777777777777778,0.0
239,32,"CNTH, KSCQ, KSTN, CTTT, CNKH, KSCLC, CN, ThSKT, HEDSPI",0.0,Khoa học Máy tính,32,0.5454545454545454,0.4878048780487805,0.2777777777777778,0.0
240,32,"ThSKH, KSCQ, KSTN, CTTT, KSCLC, HEDSPI",0.0,Khoa học Máy tính,32,0.5454545454545454,0.4878048780487805,0.2777777777777778,0.0
241,33,"ThSKH, KSCQ, KSTN, CTTT, ThSKT, HEDSPI",0.0,Khoa học Máy tính,33,0.5454545454545454,0.3902439024390244,0.25,0.625
242,33,"ThSKH, VB2, CNKT, KSCQ, SIE, KSTN, CTTT, LATS, KSCLC, CN, ThSKT, VLVH, HEDSPI",0.0,Khoa học Máy tính,33,0.5454545454545454,0.3902439024390244,0.25,0.625
243,33,"CNTH, KSCQ, KSTN, CTTT, CNKH, KSCLC, CN, ThSKT, HEDSPI",0.0,Công nghệ Phần mềm,33,0.5454545454545454,0.3902439024390244,0.25,0.625
244,33,"ThSKH, VB2, CNKT, KSCQ, SIE, KSTN, CTTT, CNKH, LATS, KSCLC, CN, ThSKT, VLVH, HEDSPI",0.0,Truyền thông và Mạng máy tính,33,0.5454545454545454,0.3902439024390244,0.25,0.625
245,34,"CNKT, KSCQ, SIE, KSTN, CTTT, CNKH, Viet-Phap, LATS, KSCLC, CN, ThSKT",0.0,Khoa học Máy tính,34,0.5454545454545454,0.6829268292682927,0.16666666666666666,0.0
246,34,"CNKT, KSCQ, SIE, KSTN, CTTT, CNKH, Viet-Phap, KSCLC, CN, ThSKT",0.0,Khoa học Máy tính,34,0.5454545454545454,0.6829268292682927,0.16666666666666666,0.0
247,35,"ThSKH, KSCQ, KSTN, CTTT, KSCLC, HEDSPI",0.0,Khoa học Máy tính,35,0.3181818181818182,0.7560975609756098,0.2777777777777778,0.0
248,36,"ThSKH, KSCQ, KSTN, CTTT, ThSKT, HEDSPI",0.09090909090909091,Khoa học Máy tính,36,0.13636363636363635,0.7560975609756098,0.027777777777777776,0.0
249,36,"CNKT, KSCQ, SIE, KSTN, CTTT, CNKH, Viet-Phap, KSCLC, CN, ThSKT",0.0,Kỹ thuật Máy tính,36,0.13636363636363635,0.7560975609756098,0.027777777777777776,0.0
250,36,"ThSKH, KSCQ, KSTN, CTTT, KSCLC, HEDSPI",0.0,Khoa học Máy tính,36,0.13636363636363635,0.7560975609756098,0.027777777777777776,0.0
251,36,ThSKT,0.5454545454545454,Khoa học Máy tính,36,0.13636363636363635,0.7560975609756098,0.027777777777777776,0.0
252,36,"CNTH, KSCQ, KSTN, CTTT, CNKH, KSCLC, CN, ThSKT, HEDSPI",0.0,Công nghệ Phần mềm,36,0.13636363636363635,0.7560975609756098,0.027777777777777776,0.0
253,36,"ThSKH, KSCQ, KSTN, CTTT, KSCLC, HEDSPI",0.0,Công nghệ Phần mềm,36,0.13636363636363635,0.7560975609756098,0.027777777777777776,0.0
254,37,"ThSKH, CNTH, IPE, VB2, CNKT, KSCQ, SIE, KSTN, CTTT, CNKH, Viet-Phap, LATS, KSCLC, CN, ThSKT, VLVH, HEDSPI",0.0,Khoa học Máy tính,37,0.5454545454545454,0.7073170731707317,0.0,0.0
255,38,"ThSKH, KSCQ, KSTN, CTTT, KSCLC, HEDSPI",0.0,Khoa học Máy tính,38,0.5454545454545454,0.5121951219512195,0.08333333333333333,0.0
256,38,"ThSKH, VB2, CNKT, KSCQ, SIE, KSTN, CTTT, LATS, KSCLC, CN, ThSKT, VLVH, HEDSPI",0.0,Khoa học Máy tính,38,0.5454545454545454,0.5121951219512195,0.08333333333333333,0.0
257,38,"ThSKH, VB2, CNKT, KSCQ, SIE, KSTN, CTTT, CNKH, Viet-Phap, LATS, KSCLC, CN, ThSKT, VLVH, HEDSPI",0.0,Kỹ thuật Máy tính,38,0.5454545454545454,0.5121951219512195,0.08333333333333333,0.0
258,38,"ThSKH, KSCQ, KSTN, CTTT, CNKH, CN, HEDSPI",0.0,Khoa học Máy tính,38,0.5454545454545454,0.5121951219512195,0.08333333333333333,0.0
259,38,"ThSKH, KSCQ, KSTN, CTTT, CNKH, CN, HEDSPI",0.0,Công nghệ Phần mềm,38,0.5454545454545454,0.5121951219512195,0.08333333333333333,0.0
260,39,"ThSKH, KSCQ, KSTN, CTTT, HEDSPI",0.0,Khoa học Máy tính,39,0.5454545454545454,0.7560975609756098,0.2777777777777778,0.625
261,39,"ThSKH, VB2, CNKT, KSCQ, SIE, KSTN, CTTT, LATS, KSCLC, CN, ThSKT, VLVH, HEDSPI",0.0,Khoa học Máy tính,39,0.5454545454545454,0.7560975609756098,0.2777777777777778,0.625
262,39,"ThSKH, VB2, CNKT, KSCQ, SIE, KSTN, CTTT, CNKH, Viet-Phap, LATS, KSCLC, CN, ThSKT, VLVH, HEDSPI",0.2727272727272727,Kỹ thuật Máy tính,39,0.5454545454545454,0.7560975609756098,0.2777777777777778,0.625
263,39,"KSCQ, KSTN, CTTT, HEDSPI",0.0,Khoa học Máy tính,39,0.5454545454545454,0.7560975609756098,0.2777777777777778,0.625
264,39,"KSCQ, KSTN, CTTT, HEDSPI",0.0,Khoa học Máy tính,39,0.5454545454545454,0.7560975609756098,0.2777777777777778,0.625
265,39,"ThSKH, VB2, CNKT, KSCQ, SIE, KSTN, CTTT, CNKH, Viet-Phap, LATS, KSCLC, CN, ThSKT, VLVH, HEDSPI",0.09090909090909091,Khoa học Máy tính,39,0.5454545454545454,0.7560975609756098,0.2777777777777778,0.625
266,39,"ThSKH, VB2, CNKT, KSCQ, SIE, KSTN, CTTT, LATS, KSCLC, CN, ThSKT, VLVH, HEDSPI",0.2727272727272727,Khoa học Máy tính,39,0.5454545454545454,0.7560975609756098,0.2777777777777778,0.625
267,39,"ThSKH, KSCQ, KSTN, CTTT, HEDSPI",0.0,Khoa học Máy tính,39,0.5454545454545454,0.7560975609756098,0.2777777777777778,0.625
268,39,"KSCQ, KSTN, CTTT, HEDSPI",0.0,Kỹ thuật Máy tính,39,0.5454545454545454,0.7560975609756098,0.2777777777777778,0.625
269,40,"ThSKH, VB2, CNKT, KSCQ, SIE, KSTN, CTTT, CNKH, LATS, KSCLC, CN, ThSKT, VLVH, HEDSPI",0.0,Khoa học Máy tính,40,0.5454545454545454,0.7073170731707317,0.0,0.125
270,40,"ThSKH, VB2, CNKT, KSCQ, SIE, KSTN, CTTT, LATS, KSCLC, CN, ThSKT, VLVH, HEDSPI",0.18181818181818182,Khoa học Máy tính,40,0.5454545454545454,0.7073170731707317,0.0,0.125
271,40,"ThSKH, KSCQ, KSTN, CTTT, KSCLC, HEDSPI",0.0,Khoa học Máy tính,40,0.5454545454545454,0.7073170731707317,0.0,0.125
272,40,"ThSKH, VB2, CNKT, KSCQ, SIE, KSTN, CTTT, LATS, KSCLC, CN, ThSKT, VLVH, HEDSPI",0.0,Khoa học Máy tính,40,0.5454545454545454,0.7073170731707317,0.0,0.125
273,40,"ThSKH, VB2, CNKT, KSCQ, SIE, KSTN, CTTT, LATS, KSCLC, CN, ThSKT, VLVH, HEDSPI",0.09090909090909091,Khoa học Máy tính,40,0.5454545454545454,0.7073170731707317,0.0,0.125
274,40,"ThSKH, VB2, CNKT, KSCQ, SIE, KSTN, CTTT, LATS, KSCLC, CN, ThSKT, VLVH, HEDSPI",0.0,Khoa học Máy tính,40,0.5454545454545454,0.7073170731707317,0.0,0.125
275,41,"KSCQ, KSTN, KSCLC",0.0,Khoa học Máy tính,41,0.4090909090909091,0.43902439024390244,0.3611111111111111,0.0
276,41,"ThSKH, KSCQ, KSTN, LATS, KSCLC, ThSKT",0.0,Khoa học Máy tính,41,0.4090909090909091,0.43902439024390244,0.3611111111111111,0.0
277,41,"ThSKH, KSCQ, KSTN, Viet-Phap, LATS, ThSKT, HEDSPI",0.0,Khoa học Máy tính,41,0.4090909090909091,0.43902439024390244,0.3611111111111111,0.0
278,41,"ThSKH, KSCQ, KSTN, Viet-Phap, KSCLC, ThSKT, HEDSPI",0.0,Khoa học Máy tính,41,0.4090909090909091,0.43902439024390244,0.3611111111111111,0.0
279,41,"ThSKH, KSCQ, KSTN, Viet-Phap, KSCLC, ThSKT, HEDSPI",0.0,Truyền thông và Mạng máy tính,41,0.4090909090909091,0.43902439024390244,0.3611111111111111,0.0
280,41,"ThSKH, KSCQ, KSTN, KSCLC, ThSKT",0.0,Khoa học Máy tính,41,0.4090909090909091,0.43902439024390244,0.3611111111111111,0.0
281,41,"ThSKH, CNKT, KSCQ, KSTN, CTTT",0.0,Khoa học Máy tính,41,0.4090909090909091,0.43902439024390244,0.3611111111111111,0.0
282,41,"ThSKH, KSCQ, Viet-Phap, HEDSPI",0.0,Khoa học Máy tính,41,0.4090909090909091,0.43902439024390244,0.3611111111111111,0.0
283,41,"KSCQ, Viet-Phap, HEDSPI",0.0,Khoa học Máy tính,41,0.4090909090909091,0.43902439024390244,0.3611111111111111,0.0
287,42,"CNKT, KSCQ, SIE, KSTN, CTTT, CNKH, CN, HEDSPI",0.0,Truyền thông và Mạng máy tính,42,0.13636363636363635,0.7073170731707317,0.0,0.0
288,42,"CNKT, KSCQ, SIE, CNKH, KSCLC, CN, HEDSPI",0.0,Truyền thông và Mạng máy tính,42,0.13636363636363635,0.7073170731707317,0.0,0.0
289,42,"CNKT, KSCQ, SIE, KSTN, CNKH, KSCLC, CN, HEDSPI",0.0,Truyền thông và Mạng máy tính,42,0.13636363636363635,0.7073170731707317,0.0,0.0
290,42,"CNKT, KSCQ, SIE, KSTN, CTTT, CNKH, KSCLC, CN, HEDSPI",0.0,Khoa học Máy tính,42,0.13636363636363635,0.7073170731707317,0.0,0.0
291,43,"ThSKH, VB2, CNKT, KSCQ, SIE, KSTN, CTTT, LATS, KSCLC, CN, ThSKT, VLVH, HEDSPI",0.0,Truyền thông và Mạng máy tính,43,0.13636363636363635,0.6585365853658537,0.08333333333333333,0.0
292,43,"ThSKH, VB2, CNKT, KSCQ, SIE, KSTN, CTTT, LATS, KSCLC, CN, ThSKT, VLVH, HEDSPI",0.09090909090909091,Khoa học Máy tính,43,0.13636363636363635,0.6585365853658537,0.08333333333333333,0.0
293,43,"ThSKH, VB2, CNKT, KSCQ, SIE, KSTN, CTTT, LATS, KSCLC, CN, ThSKT, VLVH, HEDSPI",0.0,Truyền thông và Mạng máy tính,43,0.13636363636363635,0.6585365853658537,0.08333333333333333,0.0
294,44,"CNTH, CNKT, KSCQ, SIE, KSTN, CTTT, CNKH, Viet-Phap, KSCLC, CN, HEDSPI",0.0,Khoa học Máy tính,44,0.13636363636363635,0.8292682926829268,0.08333333333333333,0.0
295,44,"CNTH, CNKT, KSCQ, SIE, KSTN, CTTT, CNKH, Viet-Phap, KSCLC, CN, HEDSPI",0.0,Khoa học Máy tính,44,0.13636363636363635,0.8292682926829268,0.08333333333333333,0.0
296,44,"CNTH, CNKT, KSCQ, SIE, KSTN, CTTT, CNKH, Viet-Phap, KSCLC, CN, HEDSPI",0.0,Khoa học Máy tính,44,0.13636363636363635,0.8292682926829268,0.08333333333333333,0.0
297,44,"CNTH, CNKT, KSCQ, SIE, KSTN, CTTT, CNKH, Viet-Phap, KSCLC, CN, HEDSPI",0.0,Khoa học Máy tính,44,0.13636363636363635,0.8292682926829268,0.08333333333333333,0.0
298,44,"CNTH, CNKT, KSCQ, SIE, KSTN, CTTT, CNKH, Viet-Phap, CN, HEDSPI",0.0,Khoa học Máy tính,44,0.13636363636363635,0.8292682926829268,0.08333333333333333,0.0
299,44,"CNKT, CN",0.0,Kỹ thuật Máy tính,44,0.13636363636363635,0.8292682926829268,0.08333333333333333,0.0
300,45,"ThSKH, VB2, CNKT, KSCQ, SIE, KSTN, CTTT, LATS, KSCLC, CN, ThSKT, VLVH, HEDSPI",0.0,Khoa học Máy tính,45,0.5454545454545454,0.7560975609756098,0.2777777777777778,0.25
301,45,ThSKH,0.0,Kỹ thuật Máy tính,45,0.5454545454545454,0.7560975609756098,0.2777777777777778,0.25
302,45,KSCQ,0.0,Kỹ thuật Máy tính,45,0.5454545454545454,0.7560975609756098,0.2777777777777778,0.25
303,46,"ThSKH, VB2, CNKT, KSCQ, SIE, KSTN, CTTT, LATS, KSCLC, CN, ThSKT, VLVH, HEDSPI",0.0,Khoa học Máy tính,46,0.5454545454545454,0.6829268292682927,0.1388888888888889,0.0
304,46,"ThSKH, KSCQ, KSTN, CTTT, HEDSPI",0.0,Khoa học Máy tính,46,0.5454545454545454,0.6829268292682927,0.1388888888888889,0.0
305,46,,0.0,Khoa học Máy tính,46,0.5454545454545454,0.6829268292682927,0.1388888888888889,0.0
306,47,,0.0,Khoa học Máy tính,47,0.13636363636363635,0.7560975609756098,0.08333333333333333,0.0
307,47,,0.0,Khoa học Máy tính,47,0.13636363636363635,0.7560975609756098,0.08333333333333333,0.0
308,48,"ThSKH, CNTH, IPE, VB2, CNKT, KSCQ, SIE, KSTN, CTTT, CNKH, Viet-Phap, LATS, KSCLC, CN, ThSKT, VLVH, HEDSPI",0.0,Khoa học Máy tính,48,0.5454545454545454,0.7317073170731707,0.16666666666666666,0.0
309,48,"ThSKH, CNTH, IPE, VB2, CNKT, KSCQ, SIE, KSTN, CTTT, CNKH, Viet-Phap, LATS, KSCLC, CN, ThSKT, VLVH, HEDSPI",0.0,Truyền thông và Mạng máy tính,48,0.5454545454545454,0.7317073170731707,0.16666666666666666,0.0
310,48,"ThSKH, CNTH, IPE, VB2, CNKT, KSCQ, SIE, KSTN, CTTT, CNKH, Viet-Phap, LATS, KSCLC, CN, ThSKT, VLVH, HEDSPI",0.0,Khoa học Máy tính,48,0.5454545454545454,0.7317073170731707,0.16666666666666666,0.0
311,48,"ThSKH, CNTH, IPE, VB2, CNKT, KSCQ, SIE, KSTN, CTTT, CNKH, Viet-Phap, LATS, KSCLC, CN, ThSKT, VLVH, HEDSPI",0.0,Kỹ thuật Máy tính,48,0.5454545454545454,0.7317073170731707,0.16666666666666666,0.0
312,48,"ThSKH, CNTH, IPE, VB2, CNKT, KSCQ, SIE, KSTN, CTTT, CNKH, Viet-Phap, LATS, KSCLC, CN, ThSKT, VLVH, HEDSPI",0.0,Khoa học Máy tính,48,0.5454545454545454,0.7317073170731707,0.16666666666666666,0.0
313,48,"ThSKH, CNTH, IPE, VB2, CNKT, KSCQ, SIE, KSTN, CTTT, CNKH, Viet-Phap, LATS, KSCLC, CN, ThSKT, VLVH, HEDSPI",0.0,Khoa học Máy tính,48,0.5454545454545454,0.7317073170731707,0.16666666666666666,0.0
314,48,"ThSKH, CNTH, IPE, VB2, CNKT, KSCQ, SIE, KSTN, CTTT, CNKH, Viet-Phap, LATS, KSCLC, CN, ThSKT, VLVH, HEDSPI",0.0,Khoa học Máy tính,48,0.5454545454545454,0.7317073170731707,0.16666666666666666,0.0
315,48,"ThSKH, CNTH, IPE, VB2, CNKT, KSCQ, SIE, KSTN, CTTT, CNKH, Viet-Phap, LATS, KSCLC, CN, ThSKT, VLVH, HEDSPI",0.0,Khoa học Máy tính,48,0.5454545454545454,0.7317073170731707,0.16666666666666666,0.0
316,48,"ThSKH, CNTH, IPE, VB2, CNKT, KSCQ, SIE, KSTN, CTTT, CNKH, Viet-Phap, LATS, KSCLC, CN, ThSKT, VLVH, HEDSPI",0.0,Khoa học Máy tính,48,0.5454545454545454,0.7317073170731707,0.16666666666666666,0.0
317,48,"ThSKH, CNTH, IPE, VB2, CNKT, KSCQ, SIE, KSTN, CTTT, CNKH, Viet-Phap, LATS, KSCLC, CN, ThSKT, VLVH, HEDSPI",0.0,Khoa học Máy tính,48,0.5454545454545454,0.7317073170731707,0.16666666666666666,0.0
318,49,,0.0,Khoa học Máy tính,49,0.5454545454545454,0.5853658536585366,0.16666666666666666,0.0
319,49,,0.0,Khoa học Máy tính,49,0.5454545454545454,0.5853658536585366,0.16666666666666666,0.0
320,49,,0.0,Khoa học Máy tính,49,0.5454545454545454,0.5853658536585366,0.16666666666666666,0.0
321,49,,0.0,Khoa học Máy tính,49,0.5454545454545454,0.5853658536585366,0.16666666666666666,0.0
322,49,,1.0,Truyền thông và Mạng máy tính,49,0.5454545454545454,0.5853658536585366,0.16666666666666666,0.0
323,49,,0.0,Truyền thông và Mạng máy tính,49,0.5454545454545454,0.5853658536585366,0.16666666666666666,0.0
324,49,,0.0,Khoa học Máy tính,49,0.5454545454545454,0.5853658536585366,0.16666666666666666,0.0
325,49,,0.0,Khoa học Máy tính,49,0.5454545454545454,0.5853658536585366,0.16666666666666666,0.0
326,50,,0.0,Khoa học Máy tính,50,0.45454545454545453,0.36585365853658536,0.19444444444444445,0.0
327,50,"ThSKH, VB2, CNKT, KSCQ, SIE, KSTN, CTTT, LATS, KSCLC, CN, ThSKT, HEDSPI",0.0,Khoa học Máy tính,50,0.45454545454545453,0.36585365853658536,0.19444444444444445,0.0
328,50,"ThSKH, VB2, CNKT, KSCQ, SIE, KSTN, CTTT, LATS, KSCLC, CN, ThSKT, HEDSPI",0.0,Khoa học Máy tính,50,0.45454545454545453,0.36585365853658536,0.19444444444444445,0.0
329,50,"ThSKH, VB2, CNKT, KSCQ, SIE, KSTN, CTTT, KSCLC, CN, ThSKT, HEDSPI",0.0,Khoa học Máy tính,50,0.45454545454545453,0.36585365853658536,0.19444444444444445,0.0
330,50,"ThSKH, KSCQ, SIE, KSTN, CTTT, KSCLC, ThSKT, HEDSPI",0.0,Khoa học Máy tính,50,0.45454545454545453,0.36585365853658536,0.19444444444444445,0.0
331,50,"ThSKH, VB2, CNKT, KSCQ, SIE, KSTN, CTTT, KSCLC, CN, ThSKT, HEDSPI",0.0,Khoa học Máy tính,50,0.45454545454545453,0.36585365853658536,0.19444444444444445,0.0
332,50,"ThSKH, VB2, CNKT, KSCQ, SIE, KSTN, CTTT, LATS, KSCLC, CN, ThSKT, HEDSPI",0.0,Kỹ thuật Máy tính,50,0.45454545454545453,0.36585365853658536,0.19444444444444445,0.0
333,50,"ThSKH, VB2, CNKT, KSCQ, SIE, KSTN, CTTT, KSCLC, CN, ThSKT, HEDSPI",0.09090909090909091,Công nghệ Phần mềm,50,0.45454545454545453,0.36585365853658536,0.19444444444444445,0.0
334,50,"ThSKH, VB2, CNKT, KSCQ, SIE, KSTN, CTTT, LATS, KSCLC, CN, ThSKT, VLVH, HEDSPI",0.0,Khoa học Máy tính,50,0.45454545454545453,0.36585365853658536,0.19444444444444445,0.0
335,50,"ThSKH, VB2, CNKT, KSCQ, SIE, KSTN, CTTT, LATS, KSCLC, CN, ThSKT, HEDSPI",0.0,Khoa học Máy tính,50,0.45454545454545453,0.36585365853658536,0.19444444444444445,0.0
336,51,"ThSKH, VB2, CNKT, KSCQ, SIE, KSTN, CTTT, LATS, KSCLC, CN, ThSKT, VLVH, HEDSPI",0.0,Khoa học Máy tính,51,0.5454545454545454,0.3170731707317073,0.16666666666666666,0.0
337,51,"ThSKH, VB2, CNKT, KSCQ, SIE, KSTN, CTTT, LATS, KSCLC, CN, ThSKT, VLVH, HEDSPI",0.0,Khoa học Máy tính,51,0.5454545454545454,0.3170731707317073,0.16666666666666666,0.0
338,51,"ThSKH, VB2, CNKT, KSCQ, SIE, KSTN, CTTT, LATS, KSCLC, CN, ThSKT, VLVH, HEDSPI",0.0,Khoa học Máy tính,51,0.5454545454545454,0.3170731707317073,0.16666666666666666,0.0
339,51,"ThSKH, VB2, CNKT, KSCQ, SIE, KSTN, CTTT, LATS, KSCLC, CN, ThSKT, VLVH, HEDSPI",0.0,Khoa học Máy tính,51,0.5454545454545454,0.3170731707317073,0.16666666666666666,0.0
340,51,,0.0,Khoa học Máy tính,51,0.5454545454545454,0.3170731707317073,0.16666666666666666,0.0
341,51,"ThSKH, VB2, CNKT, KSCQ, SIE, KSTN, CTTT, LATS, KSCLC, CN, ThSKT, VLVH, HEDSPI",0.0,Khoa học Máy tính,51,0.5454545454545454,0.3170731707317073,0.16666666666666666,0.0
342,51,"ThSKH, VB2, CNKT, KSCQ, SIE, KSTN, CTTT, LATS, KSCLC, CN, ThSKT, VLVH, HEDSPI",0.0,Khoa học Máy tính,51,0.5454545454545454,0.3170731707317073,0.16666666666666666,0.0
343,51,"ThSKH, VB2, CNKT, KSCQ, SIE, KSTN, CTTT, LATS, KSCLC, CN, ThSKT, VLVH, HEDSPI",0.0,Khoa học Máy tính,51,0.5454545454545454,0.3170731707317073,0.16666666666666666,0.0
344,51,"ThSKH, KSCQ, KSTN, CTTT, Viet-Phap, HEDSPI",0.0,Khoa học Máy tính,51,0.5454545454545454,0.3170731707317073,0.16666666666666666,0.0
345,51,"ThSKH, CNTH, KSCQ, SIE, KSTN, CTTT, Viet-Phap, LATS, KSCLC, ThSKT, HEDSPI",0.0,Khoa học Máy tính,51,0.5454545454545454,0.3170731707317073,0.16666666666666666,0.0
346,52,"CNKT, KSCQ, SIE, KSTN, CTTT, HEDSPI",0.18181818181818182,Khoa học Máy tính,52,0.5454545454545454,0.8536585365853658,0.25,0.0
347,52,"CNKT, KSCQ, SIE, KSTN, CTTT, LATS, KSCLC, CN, HEDSPI",0.0,Khoa học Máy tính,52,0.5454545454545454,0.8536585365853658,0.25,0.0
348,52,"CNKT, KSCQ, SIE, KSTN, CTTT, LATS, KSCLC, CN, HEDSPI",0.0,Khoa học Máy tính,52,0.5454545454545454,0.8536585365853658,0.25,0.0
349,52,"ThSKH, VB2, CNKT, KSCQ, SIE, KSTN, KSCLC, CN, ThSKT, VLVH, HEDSPI",0.18181818181818182,Khoa học Máy tính,52,0.5454545454545454,0.8536585365853658,0.25,0.0
350,52,,0.0,Khoa học Máy tính,52,0.5454545454545454,0.8536585365853658,0.25,0.0
351,52,"CNKT, KSCQ, SIE, KSTN, CTTT, CNKH, Viet-Phap, KSCLC, CN, HEDSPI",0.0,Khoa học Máy tính,52,0.5454545454545454,0.8536585365853658,0.25,0.0
352,52,,0.0,Khoa học Máy tính,52,0.5454545454545454,0.8536585365853658,0.25,0.0
353,52,,0.0,Khoa học Máy tính,52,0.5454545454545454,0.8536585365853658,0.25,0.0
354,53,"VB2, CNKT, KSCQ, SIE, KSTN, CTTT, LATS, KSCLC, CN, ThSKT, HEDSPI",0.0,Khoa học Máy tính,53,0.13636363636363635,0.7073170731707317,0.0,0.0
355,53,,0.0,Kỹ thuật Máy tính,53,0.13636363636363635,0.7073170731707317,0.0,0.0
356,53,,0.0,Kỹ thuật Máy tính,53,0.13636363636363635,0.7073170731707317,0.0,0.0
357,53,,0.0,Khoa học Máy tính,53,0.13636363636363635,0.7073170731707317,0.0,0.0
358,53,"SIE, HEDSPI, CN, CNKT, KSCQ",0.0,Khoa học Máy tính,53,0.13636363636363635,0.7073170731707317,0.0,0.0
359,54,"ThSKH, CNTH, IPE, VB2, CNKT, KSCQ, SIE, KSTN, CTTT, CNKH, Viet-Phap, LATS, KSCLC, CN, ThSKT, VLVH, HEDSPI",0.0,Khoa học Máy tính,54,0.5454545454545454,0.6829268292682927,0.2222222222222222,0.0
360,54,"ThSKH, VB2, CNKT, KSCQ, SIE, KSTN, CTTT, CNKH, Viet-Phap, LATS, KSCLC, CN, ThSKT, VLVH, HEDSPI",0.0,Khoa học Máy tính,54,0.5454545454545454,0.6829268292682927,0.2222222222222222,0.0
361,54,"ThSKH, VB2, CNKT, KSCQ, SIE, KSTN, CTTT, CNKH, Viet-Phap, LATS, KSCLC, CN, ThSKT, VLVH, HEDSPI",0.0,Truyền thông và Mạng máy tính,54,0.5454545454545454,0.6829268292682927,0.2222222222222222,0.0
362,54,"ThSKH, CNTH, IPE, VB2, CNKT, KSCQ, SIE, KSTN, CTTT, CNKH, Viet-Phap, LATS, KSCLC, CN, ThSKT, VLVH, HEDSPI",0.0,Công nghệ Phần mềm,54,0.5454545454545454,0.6829268292682927,0.2222222222222222,0.0
363,54,"ThSKH, VB2, CNKT, KSCQ, SIE, KSTN, CTTT, LATS, KSCLC, CN, ThSKT, VLVH, HEDSPI",0.0,Khoa học Máy tính,54,0.5454545454545454,0.6829268292682927,0.2222222222222222,0.0
364,54,,0.0,Khoa học Máy tính,54,0.5454545454545454,0.6829268292682927,0.2222222222222222,0.0
365,55,"ThSKH, KSCQ, KSTN, CTTT, LATS, KSCLC, HEDSPI",0.0,Khoa học Máy tính,55,0.45454545454545453,0.4878048780487805,0.2777777777777778,0.125
366,55,"ThSKH, KSCQ, KSTN, CTTT, KSCLC, HEDSPI",0.0,Truyền thông và Mạng máy tính,55,0.45454545454545453,0.4878048780487805,0.2777777777777778,0.125
367,55,"KSCQ, KSTN, CTTT, KSCLC, HEDSPI",0.0,Khoa học Máy tính,55,0.45454545454545453,0.4878048780487805,0.2777777777777778,0.125
368,56,,0.0,Khoa học Máy tính,56,0.5454545454545454,0.4878048780487805,0.1111111111111111,0.0
369,56,,0.0,Khoa học Máy tính,56,0.5454545454545454,0.4878048780487805,0.1111111111111111,0.0
370,56,,0.0,Truyền thông và Mạng máy tính,56,0.5454545454545454,0.4878048780487805,0.1111111111111111,0.0
371,56,,0.0,Khoa học Máy tính,56,0.5454545454545454,0.4878048780487805,0.1111111111111111,0.0
372,56,,0.0,Khoa học Máy tính,56,0.5454545454545454,0.4878048780487805,0.1111111111111111,0.0
373,56,,0.0,Kỹ thuật Máy tính,56,0.5454545454545454,0.4878048780487805,0.1111111111111111,0.0
374,57,"ThSKH, KSCQ, SIE, KSTN, CTTT, CN, ThSKT, HEDSPI",0.0,Khoa học Máy tính,57,0.5454545454545454,0.7804878048780488,0.2222222222222222,0.0
375,58,"CNKT, KSCQ, SIE, KSTN, CTTT, KSCLC, CN, HEDSPI",0.0,Khoa học Máy tính,58,0.5454545454545454,0.6097560975609756,0.19444444444444445,0.0
376,58,"CNKT, KSCQ, SIE, KSTN, CTTT, KSCLC, CN, HEDSPI",0.0,Truyền thông và Mạng máy tính,58,0.5454545454545454,0.6097560975609756,0.19444444444444445,0.0
377,59,"ThSKH, VB2, CNKT, KSCQ, SIE, KSTN, CTTT, LATS, KSCLC, CN, ThSKT, VLVH, HEDSPI",0.0,Khoa học Máy tính,59,0.5454545454545454,0.6829268292682927,0.16666666666666666,0.0
378,59,"ThSKH, VB2, CNKT, KSCQ, SIE, KSTN, CTTT, LATS, KSCLC, CN, ThSKT, VLVH, HEDSPI",0.0,Truyền thông và Mạng máy tính,59,0.5454545454545454,0.6829268292682927,0.16666666666666666,0.0
379,59,"ThSKH, VB2, CNKT, KSCQ, SIE, KSTN, CTTT, CNKH, Viet-Phap, LATS, KSCLC, CN, ThSKT, VLVH, HEDSPI",0.0,Khoa học Máy tính,59,0.5454545454545454,0.6829268292682927,0.16666666666666666,0.0
380,60,"ThSKH, VB2, CNKT, KSCQ, SIE, KSTN, CTTT, LATS, KSCLC, CN, ThSKT, VLVH, HEDSPI",0.0,Khoa học Máy tính,60,0.5454545454545454,0.7804878048780488,0.19444444444444445,0.0
381,60,"ThSKH, VB2, CNKT, KSCQ, SIE, KSTN, CTTT, LATS, KSCLC, CN, ThSKT, VLVH, HEDSPI",0.0,Khoa học Máy tính,60,0.5454545454545454,0.7804878048780488,0.19444444444444445,0.0
382,60,"ThSKH, CNKT, KSCQ, SIE, KSTN, CTTT, CNKH, Viet-Phap, KSCLC, CN, ThSKT, HEDSPI",0.0,Khoa học Máy tính,60,0.5454545454545454,0.7804878048780488,0.19444444444444445,0.0
383,60,"ThSKH, CNKT, KSCQ, SIE, KSTN, CTTT, CNKH, Viet-Phap, KSCLC, CN, ThSKT, HEDSPI",0.0,Khoa học Máy tính,60,0.5454545454545454,0.7804878048780488,0.19444444444444445,0.0
384,60,"ThSKH, CNKT, KSCQ, SIE, KSTN, CTTT, CNKH, Viet-Phap, KSCLC, CN, ThSKT, HEDSPI",0.0,Khoa học Máy tính,60,0.5454545454545454,0.7804878048780488,0.19444444444444445,0.0
385,60,"ThSKH, VB2, CNKT, KSCQ, SIE, KSTN, CTTT, LATS, KSCLC, CN, ThSKT, VLVH, HEDSPI",0.09090909090909091,Khoa học Máy tính,60,0.5454545454545454,0.7804878048780488,0.19444444444444445,0.0
386,61,"ThSKH, CNKT, KSCQ, SIE, KSTN, CTTT, CNKH, Viet-Phap, KSCLC, CN, ThSKT, HEDSPI",0.0,Khoa học Máy tính,61,0.5454545454545454,0.7804878048780488,0.1388888888888889,0.0
387,61,"ThSKH, CNKT, KSCQ, SIE, KSTN, CTTT, CNKH, Viet-Phap, KSCLC, CN, ThSKT, HEDSPI",0.0,Kỹ thuật Máy tính,61,0.5454545454545454,0.7804878048780488,0.1388888888888889,0.0
388,61,"ThSKH, CNKT, KSCQ, SIE, KSTN, CTTT, CNKH, Viet-Phap, KSCLC, CN, ThSKT, HEDSPI",0.0,Khoa học Máy tính,61,0.5454545454545454,0.7804878048780488,0.1388888888888889,0.0
389,61,"ThSKH, CNKT, KSCQ, SIE, KSTN, CTTT, CNKH, Viet-Phap, KSCLC, CN, ThSKT, HEDSPI",0.0,Truyền thông và Mạng máy tính,61,0.5454545454545454,0.7804878048780488,0.1388888888888889,0.0
390,61,"ThSKH, CNKT, KSCQ, SIE, KSTN, CTTT, CNKH, Viet-Phap, KSCLC, CN, ThSKT, HEDSPI",0.0,Khoa học Máy tính,61,0.5454545454545454,0.7804878048780488,0.1388888888888889,0.0
391,61,"CNKT, KSCQ, SIE, KSTN, CTTT, CNKH, Viet-Phap, KSCLC, CN, HEDSPI",0.0,Khoa học Máy tính,61,0.5454545454545454,0.7804878048780488,0.1388888888888889,0.0
392,61,"CNKT, KSCQ, SIE, KSTN, CTTT, CNKH, Viet-Phap, KSCLC, CN, HEDSPI",0.0,Khoa học Máy tính,61,0.5454545454545454,0.7804878048780488,0.1388888888888889,0.0
393,61,"CNKT, KSCQ, SIE, KSTN, CTTT, CNKH, Viet-Phap, KSCLC, CN, HEDSPI",0.0,Khoa học Máy tính,61,0.5454545454545454,0.7804878048780488,0.1388888888888889,0.0
394,61,"CNKT, KSCQ, SIE, KSTN, CTTT, CNKH, Viet-Phap, KSCLC, CN, HEDSPI",0.0,Khoa học Máy tính,61,0.5454545454545454,0.7804878048780488,0.1388888888888889,0.0
395,62,,0.0,Công nghệ Phần mềm,62,0.5,0.7804878048780488,0.19444444444444445,0.0
396,62,,0.0,Kỹ thuật Máy tính,62,0.5,0.7804878048780488,0.19444444444444445,0.0
397,62,,0.0,Khoa học Máy tính,62,0.5,0.7804878048780488,0.19444444444444445,0.0
398,62,KSCQ,0.0,Kỹ thuật Máy tính,62,0.5,0.7804878048780488,0.19444444444444445,0.0
399,62,,0.0,Kỹ thuật Máy tính,62,0.5,0.7804878048780488,0.19444444444444445,0.0
400,62,,0.0,Công nghệ Phần mềm,62,0.5,0.7804878048780488,0.19444444444444445,0.0
401,62,,0.0,Khoa học Máy tính,62,0.5,0.7804878048780488,0.19444444444444445,0.0
402,63,"ThSKH, CNTH, CNKT, KSCQ, KSTN, CTTT, CNKH, Viet-Phap, LATS, KSCLC, CN, ThSKT, VLVH, HEDSPI",0.0,Khoa học Máy tính,63,0.45454545454545453,0.8780487804878049,0.2777777777777778,0.25
403,63,"ThSKH, CNTH, CNKT, KSCQ, KSTN, CTTT, CNKH, Viet-Phap, LATS, KSCLC, CN, ThSKT, VLVH, HEDSPI",0.0,Truyền thông và Mạng máy tính,63,0.45454545454545453,0.8780487804878049,0.2777777777777778,0.25
404,63,"ThSKH, CNTH, CNKT, KSCQ, SIE, KSTN, CTTT, CNKH, Viet-Phap, LATS, KSCLC, CN, ThSKT, VLVH, HEDSPI",0.0,Truyền thông và Mạng máy tính,63,0.45454545454545453,0.8780487804878049,0.2777777777777778,0.25
405,64,,0.0,Khoa học Máy tính,64,0.4090909090909091,1.0,0.2222222222222222,0.125
406,64,,0.0,Khoa học Máy tính,64,0.4090909090909091,1.0,0.2222222222222222,0.125
407,64,,0.0,Truyền thông và Mạng máy tính,64,0.4090909090909091,1.0,0.2222222222222222,0.125
408,65,,0.0,Khoa học Máy tính,65,0.6818181818181818,0.8536585365853658,0.2777777777777778,0.5
409,65,,0.0,Khoa học Máy tính,65,0.6818181818181818,0.8536585365853658,0.2777777777777778,0.5
410,65,,0.0,Khoa học Máy tính,65,0.6818181818181818,0.8536585365853658,0.2777777777777778,0.5
411,65,,0.0,Khoa học Máy tính,65,0.6818181818181818,0.8536585365853658,0.2777777777777778,0.5
412,65,,0.0,Khoa học Máy tính,65,0.6818181818181818,0.8536585365853658,0.2777777777777778,0.5
413,65,,0.0,Khoa học Máy tính,65,0.6818181818181818,0.8536585365853658,0.2777777777777778,0.5
414,65,,0.0,Khoa học Máy tính,65,0.6818181818181818,0.8536585365853658,0.2777777777777778,0.5
415,65,,0.0,Khoa học Máy tính,65,0.6818181818181818,0.8536585365853658,0.2777777777777778,0.5
416,65,,0.0,Khoa học Máy tính,65,0.6818181818181818,0.8536585365853658,0.2777777777777778,0.5
417,65,,0.0,Kỹ thuật Máy tính,65,0.6818181818181818,0.8536585365853658,0.2777777777777778,0.5
418,66,,0.0,Khoa học Máy tính,66,0.5454545454545454,0.0,0.027777777777777776,0.0
419,66,,0.0,Khoa học Máy tính,66,0.5454545454545454,0.0,0.027777777777777776,0.0
420,66,,0.0,Truyền thông và Mạng máy tính,66,0.5454545454545454,0.0,0.027777777777777776,0.0
421,66,,0.0,Truyền thông và Mạng máy tính,66,0.5454545454545454,0.0,0.027777777777777776,0.0
422,66,,0.0,Khoa học Máy tính,66,0.5454545454545454,0.0,0.027777777777777776,0.0
423,66,,0.0,Khoa học Máy tính,66,0.5454545454545454,0.0,0.027777777777777776,0.0
424,66,,0.0,Truyền thông và Mạng máy tính,66,0.5454545454545454,0.0,0.027777777777777776,0.0
425,66,,0.0,Truyền thông và Mạng máy tính,66,0.5454545454545454,0.0,0.027777777777777776,0.0
426,66,,0.0,Công nghệ Phần mềm,66,0.5454545454545454,0.0,0.027777777777777776,0.0
427,66,,0.0,Công nghệ Phần mềm,66,0.5454545454545454,0.0,0.027777777777777776,0.0
428,66,,0.0,Khoa học Máy tính,66,0.5454545454545454,0.0,0.027777777777777776,0.0
429,66,,0.0,Khoa học Máy tính,66,0.5454545454545454,0.0,0.027777777777777776,0.0
430,67,"KSCQ, SIE, KSTN, CTTT, CNKH, KSCLC, CN, HEDSPI",0.0,Khoa học Máy tính,67,0.5454545454545454,0.8780487804878049,0.1388888888888889,0.0
431,67,"CNKT, KSCQ, SIE, KSTN, CTTT, CNKH, Viet-Phap, KSCLC, CN, HEDSPI",0.0,Khoa học Máy tính,67,0.5454545454545454,0.8780487804878049,0.1388888888888889,0.0
432,67,"CNKT, KSCQ, SIE, KSTN, CTTT, KSCLC, CN, HEDSPI",0.0,Khoa học Máy tính,67,0.5454545454545454,0.8780487804878049,0.1388888888888889,0.0
433,67,"CNKT, KSCQ, SIE, KSTN, CTTT, KSCLC, CN, HEDSPI",0.0,Khoa học Máy tính,67,0.5454545454545454,0.8780487804878049,0.1388888888888889,0.0
434,67,"CNKT, KSCQ, SIE, KSTN, CTTT, KSCLC, CN, HEDSPI",0.0,Khoa học Máy tính,67,0.5454545454545454,0.8780487804878049,0.1388888888888889,0.0
435,67,"CNKT, KSCQ, SIE, KSTN, CTTT, KSCLC, CN, HEDSPI",0.0,Khoa học Máy tính,67,0.5454545454545454,0.8780487804878049,0.1388888888888889,0.0
436,67,"CNKT, KSCQ, SIE, KSTN, CTTT, KSCLC, CN, HEDSPI",0.0,Khoa học Máy tính,67,0.5454545454545454,0.8780487804878049,0.1388888888888889,0.0
437,67,"ThSKH, KSCQ, KSTN, CTTT, Viet-Phap, KSCLC, ThSKT, HEDSPI",0.0,Khoa học Máy tính,67,0.5454545454545454,0.8780487804878049,0.1388888888888889,0.0
